icao24,callsign,first_seen_unix,last_seen_unix,departure_airport_icao,arrival_airport_icao,observed_arrival_time_utc,observed_arrival_hour_utc
344498,IBS16VB,1772919730,1772927211,,LEMD,2026-03-07 23:46:51+00:00,2026-03-07 23:00:00+00:00
347247,IBS15NQ,1772918736,1772927079,GCXO,LEMD,2026-03-07 23:44:39+00:00,2026-03-07 23:00:00+00:00
48c1a1,RYR9435,1772921821,1772926001,,LEMD,2026-03-07 23:26:41+00:00,2026-03-07 23:00:00+00:00
3e232e,PAV621,1772922110,1772925270,LEBL,LEMD,2026-03-07 23:14:30+00:00,2026-03-07 23:00:00+00:00
344195,ANE3014,1772922816,1772924740,,LEMD,2026-03-07 23:05:40+00:00,2026-03-07 23:00:00+00:00
4cad3e,RYR3GK,1772920577,1772923497,LPPT,LEMD,2026-03-07 22:44:57+00:00,2026-03-07 22:00:00+00:00
4ca805,RYR2PK,1772919184,1772922686,LEPA,LEMD,2026-03-07 22:31:26+00:00,2026-03-07 22:00:00+00:00
a4dca4,GTI8418,1772894095,1772922522,KMIA,LEMD,2026-03-07 22:28:42+00:00,2026-03-07 22:00:00+00:00
48c2ae,RYR47ZP,1772914491,1772922396,EIDW,LEMD,2026-03-07 22:26:36+00:00,2026-03-07 22:00:00+00:00
4caf2b,RYR142G,1772919747,1772922278,LEIB,LEMD,2026-03-07 22:24:38+00:00,2026-03-07 22:00:00+00:00
3c6671,DLH66K,1772915133,1772922123,EDDF,LEMD,2026-03-07 22:22:03+00:00,2026-03-07 22:00:00+00:00
4cafd3,RYR53XQ,1772914759,1772921985,EGSS,LEMD,2026-03-07 22:19:45+00:00,2026-03-07 22:00:00+00:00
347645,IBB31YF,1772914242,1772921903,,LEMD,2026-03-07 22:18:23+00:00,2026-03-07 22:00:00+00:00
aa9451,AVA046,1772893996,1772921773,,LEMD,2026-03-07 22:16:13+00:00,2026-03-07 22:00:00+00:00
49514d,TAP1022,1772918384,1772921691,LPPT,LEMD,2026-03-07 22:14:51+00:00,2026-03-07 22:00:00+00:00
3c5428,BCS6360,1772914572,1772921583,EDDF,LEMD,2026-03-07 22:13:03+00:00,2026-03-07 22:00:00+00:00
4caa61,RYR9CF,1772914056,1772921413,EGBB,LEMD,2026-03-07 22:10:13+00:00,2026-03-07 22:00:00+00:00
3c65cc,DLH09C,1772913892,1772921338,EDDM,LEMD,2026-03-07 22:08:58+00:00,2026-03-07 22:00:00+00:00
392af3,AFR71CG,1772915444,1772921074,LFPG,LEMD,2026-03-07 22:04:34+00:00,2026-03-07 22:00:00+00:00
06a2e1,QTR8831,1772860087,1772920935,VHHH,LEMD,2026-03-07 22:02:15+00:00,2026-03-07 22:00:00+00:00
3453d3,ANE60FB,1772918468,1772920417,,LEMD,2026-03-07 21:53:37+00:00,2026-03-07 21:00:00+00:00
345692,IBE07EA,1772911488,1772920226,LOWW,LEMD,2026-03-07 21:50:26+00:00,2026-03-07 21:00:00+00:00
342105,IBS18FU,1772913376,1772920111,EGKK,LEMD,2026-03-07 21:48:31+00:00,2026-03-07 21:00:00+00:00
34644c,IBS16HK,1772916731,1772920000,LEPA,LEMD,2026-03-07 21:46:40+00:00,2026-03-07 21:00:00+00:00
348401,ANE82FC,1772917033,1772919943,LEAM,LEMD,2026-03-07 21:45:43+00:00,2026-03-07 21:00:00+00:00
347453,IBE07DZ,1772912933,1772919812,EGLL,LEMD,2026-03-07 21:43:32+00:00,2026-03-07 21:00:00+00:00
4ca6a4,RYR9MJ,1772916571,1772919698,GMTT,LEMD,2026-03-07 21:41:38+00:00,2026-03-07 21:00:00+00:00
3452c7,ANE77CN,1772916314,1772919594,LEST,LEMD,2026-03-07 21:39:54+00:00,2026-03-07 21:00:00+00:00
344218,ANE77KX,1772916403,1772919508,LFBO,LEMD,2026-03-07 21:38:28+00:00,2026-03-07 21:00:00+00:00
3451d9,ANE75NV,1772916669,1772919473,LEJR,LEMD,2026-03-07 21:37:53+00:00,2026-03-07 21:00:00+00:00
3452c8,ANE55YK,1772916600,1772919187,LEAL,LEMD,2026-03-07 21:33:07+00:00,2026-03-07 21:00:00+00:00
7da3de,ANE1076,1772916640,1772919180,LEZL,LEMD,2026-03-07 21:33:00+00:00,2026-03-07 21:00:00+00:00
34644e,IBS16ST,1772911599,1772919065,,LEMD,2026-03-07 21:31:05+00:00,2026-03-07 21:00:00+00:00
344449,IBE06ZZ,1772913962,1772919057,LSGG,LEMD,2026-03-07 21:30:57+00:00,2026-03-07 21:00:00+00:00
34324e,IBE0690,1772912505,1772918970,LIRQ,LEMD,2026-03-07 21:29:30+00:00,2026-03-07 21:00:00+00:00
4ca891,RYR62EH,1772915142,1772918945,,LEMD,2026-03-07 21:29:05+00:00,2026-03-07 21:00:00+00:00
345691,IBE06PH,1772911830,1772918859,LIRF,LEMD,2026-03-07 21:27:39+00:00,2026-03-07 21:00:00+00:00
3451da,ANE44EX,1772916258,1772918787,,LEMD,2026-03-07 21:26:27+00:00,2026-03-07 21:00:00+00:00
342104,IBS18VL,1772909798,1772918735,EDDB,LEMD,2026-03-07 21:25:35+00:00,2026-03-07 21:00:00+00:00
348213,IBB96WE,1772910470,1772918671,GCXO,LEMD,2026-03-07 21:24:31+00:00,2026-03-07 21:00:00+00:00
34604c,ANE1344,1772910901,1772918620,EHAM,LEMD,2026-03-07 21:23:40+00:00,2026-03-07 21:00:00+00:00
3485d2,ANE1068,1772915916,1772918544,,LEMD,2026-03-07 21:22:24+00:00,2026-03-07 21:00:00+00:00
3423c4,IBE06LK,1772912410,1772918520,LIML,LEMD,2026-03-07 21:22:00+00:00,2026-03-07 21:00:00+00:00
34640e,IBE07SC,1772911652,1772918427,EGLL,LEMD,2026-03-07 21:20:27+00:00,2026-03-07 21:00:00+00:00
34538e,AEA5038,1772915528,1772918283,LEMG,LEMD,2026-03-07 21:18:03+00:00,2026-03-07 21:00:00+00:00
3445d4,IBE04FB,1772915366,1772918222,LEBL,LEMD,2026-03-07 21:17:02+00:00,2026-03-07 21:00:00+00:00
344487,AEA6096,1772915041,1772918110,,LEMD,2026-03-07 21:15:10+00:00,2026-03-07 21:00:00+00:00
346082,AEA7319,1772915211,1772918095,LEVX,LEMD,2026-03-07 21:14:55+00:00,2026-03-07 21:00:00+00:00
4d224f,RYR8UY,1772913790,1772917976,,LEMD,2026-03-07 21:12:56+00:00,2026-03-07 21:00:00+00:00
346499,IBE07FH,1772910991,1772917870,EGLL,LEMD,2026-03-07 21:11:10+00:00,2026-03-07 21:00:00+00:00
34324f,IBE04YL,1772915615,1772917808,,LEMD,2026-03-07 21:10:08+00:00,2026-03-07 21:00:00+00:00
34750b,AEA72VR,1772914935,1772917750,LPAR,LEMD,2026-03-07 21:09:10+00:00,2026-03-07 21:00:00+00:00
345543,ANE19XR,1772909910,1772917718,EDDM,LEMD,2026-03-07 21:08:38+00:00,2026-03-07 21:00:00+00:00
347309,AEA1142,1772914568,1772917494,LPPR,LEMD,2026-03-07 21:04:54+00:00,2026-03-07 21:00:00+00:00
4cafc1,RYR88SY,1772910545,1772917445,LIPZ,LEMD,2026-03-07 21:04:05+00:00,2026-03-07 21:00:00+00:00
347307,AEA94HP,1772914276,1772917222,LECO,LEMD,2026-03-07 21:00:22+00:00,2026-03-07 21:00:00+00:00
344417,IBE07PR,1772909700,1772917076,EDDL,LEMD,2026-03-07 20:57:56+00:00,2026-03-07 20:00:00+00:00
3420cb,IBE07MB,1772909802,1772916855,EDDF,LEMD,2026-03-07 20:54:15+00:00,2026-03-07 20:00:00+00:00
34448d,IBS1578,1772908475,1772916840,GCXO,LEMD,2026-03-07 20:54:00+00:00,2026-03-07 20:00:00+00:00
34250a,IBE06DW,1772909901,1772916730,LIPZ,LEMD,2026-03-07 20:52:10+00:00,2026-03-07 20:00:00+00:00
782079,CAO3151,1772881843,1772916709,,LEMD,2026-03-07 20:51:49+00:00,2026-03-07 20:00:00+00:00
347344,IBE06VA,1772909987,1772916606,EBMB,LEMD,2026-03-07 20:50:06+00:00,2026-03-07 20:00:00+00:00
347481,AEA71NL,1772914205,1772916484,,LEMD,2026-03-07 20:48:04+00:00,2026-03-07 20:00:00+00:00
4d226e,RYR38XY,1772909021,1772916362,EGSS,LEMD,2026-03-07 20:46:02+00:00,2026-03-07 20:00:00+00:00
4ca646,RYR5UR,1772910377,1772916234,LFOB,LEMD,2026-03-07 20:43:54+00:00,2026-03-07 20:00:00+00:00
4d24ae,WMT838,1772909419,1772916135,LIRF,LEMD,2026-03-07 20:42:15+00:00,2026-03-07 20:00:00+00:00
348084,AEA89JG,1772909025,1772915910,,LEMD,2026-03-07 20:38:30+00:00,2026-03-07 20:00:00+00:00
4ca73b,RYR7BE,1772897253,1772915785,LEMG,LEMD,2026-03-07 20:36:25+00:00,2026-03-07 20:00:00+00:00
346186,IBE06TT,1772908954,1772915678,LSZH,LEMD,2026-03-07 20:34:38+00:00,2026-03-07 20:00:00+00:00
344216,AEA42CL,1772913107,1772915573,LEAL,LEMD,2026-03-07 20:32:53+00:00,2026-03-07 20:00:00+00:00
344341,AEA9117,1772907159,1772915422,GCXO,LEMD,2026-03-07 20:30:22+00:00,2026-03-07 20:00:00+00:00
3964e9,TVF4780,1772909940,1772915409,LFPO,LEMD,2026-03-07 20:30:09+00:00,2026-03-07 20:00:00+00:00
4cac20,RYR32TA,1772909225,1772915262,LIME,LEMD,2026-03-07 20:27:42+00:00,2026-03-07 20:00:00+00:00
347348,AEA7708,1772912311,1772915158,LEBL,LEMD,2026-03-07 20:25:58+00:00,2026-03-07 20:00:00+00:00
348441,AEA1518,1772906949,1772915040,EDDM,LEMD,2026-03-07 20:24:00+00:00,2026-03-07 20:00:00+00:00
344648,IBE06BR,1772908725,1772914945,LIMC,LEMD,2026-03-07 20:22:25+00:00,2026-03-07 20:00:00+00:00
348412,AEA76ZP,1772907301,1772914812,EHAM,LEMD,2026-03-07 20:20:12+00:00,2026-03-07 20:00:00+00:00
344416,IBS1672,1772911424,1772914708,LEPA,LEMD,2026-03-07 20:18:28+00:00,2026-03-07 20:00:00+00:00
4ca643,RYR3WG,1772911698,1772914408,LPPR,LEMD,2026-03-07 20:13:28+00:00,2026-03-07 20:00:00+00:00
348541,AEA85CM,1772907156,1772914244,EDDF,LEMD,2026-03-07 20:10:44+00:00,2026-03-07 20:00:00+00:00
3423c3,IBE0654,1772907351,1772914125,LIRF,LEMD,2026-03-07 20:08:45+00:00,2026-03-07 20:00:00+00:00
34750a,AEA91SM,1772912183,1772914031,LEVC,LEMD,2026-03-07 20:07:11+00:00,2026-03-07 20:00:00+00:00
346204,IBE05RH,1772910840,1772913959,LPPT,LEMD,2026-03-07 20:05:59+00:00,2026-03-07 20:00:00+00:00
345583,ANE52RB,1772907434,1772913659,LIPE,LEMD,2026-03-07 20:00:59+00:00,2026-03-07 20:00:00+00:00
3451d8,ANE3046,1772911186,1772913529,LEZL,LEMD,2026-03-07 19:58:49+00:00,2026-03-07 19:00:00+00:00
34840a,AEA62ZY,1772906582,1772913183,EBMB,LEMD,2026-03-07 19:53:03+00:00,2026-03-07 19:00:00+00:00
344297,AEA42DR,1772907642,1772913039,LFPO,LEMD,2026-03-07 19:50:39+00:00,2026-03-07 19:00:00+00:00
342210,FIN08PL,1772899400,1772912951,EFHK,LEMD,2026-03-07 19:49:11+00:00,2026-03-07 19:00:00+00:00
348402,ANE51JJ,1772908075,1772912874,LFLL,LEMD,2026-03-07 19:47:54+00:00,2026-03-07 19:00:00+00:00
34750f,AEA39VM,1772905670,1772912731,LIPZ,LEMD,2026-03-07 19:45:31+00:00,2026-03-07 19:00:00+00:00
3453cc,AEA19SN,1772905631,1772912560,LIRF,LEMD,2026-03-07 19:42:40+00:00,2026-03-07 19:00:00+00:00
343385,IBS16BW,1772887844,1772912425,LEMD,LEMD,2026-03-07 19:40:25+00:00,2026-03-07 19:00:00+00:00
345385,ANE89UJ,1772907646,1772912366,,LEMD,2026-03-07 19:39:26+00:00,2026-03-07 19:00:00+00:00
347288,IBE05ZL,1772906585,1772912277,LFPO,LEMD,2026-03-07 19:37:57+00:00,2026-03-07 19:00:00+00:00
3442cb,ANE13XU,1772907789,1772912239,,LEMD,2026-03-07 19:37:19+00:00,2026-03-07 19:00:00+00:00
48c228,RYR47HU,1772905269,1772912126,,LEMD,2026-03-07 19:35:26+00:00,2026-03-07 19:00:00+00:00
34620b,IBE06CL,1772907137,1772912014,LSGG,LEMD,2026-03-07 19:33:34+00:00,2026-03-07 19:00:00+00:00
34444b,IBE05SP,1772906284,1772911918,LFPG,LEMD,2026-03-07 19:31:58+00:00,2026-03-07 19:00:00+00:00
4ca9c3,RYR82BV,1772904510,1772911788,EGSS,LEMD,2026-03-07 19:29:48+00:00,2026-03-07 19:00:00+00:00
3475d5,IBE07DE,1772904611,1772911698,EGLL,LEMD,2026-03-07 19:28:18+00:00,2026-03-07 19:00:00+00:00
3472c9,IBS15NB,1772903179,1772911604,GCXO,LEMD,2026-03-07 19:26:44+00:00,2026-03-07 19:00:00+00:00
348085,AEA51KH,1772904518,1772911481,EGKK,LEMD,2026-03-07 19:24:41+00:00,2026-03-07 19:00:00+00:00
424c98,MABTE,1772907900,1772911436,LFBD,LEMD,2026-03-07 19:23:56+00:00,2026-03-07 19:00:00+00:00
346083,AEA28EJ,1772905203,1772911253,LIMC,LEMD,2026-03-07 19:20:53+00:00,2026-03-07 19:00:00+00:00
34745a,AEA89LY,1772904750,1772911067,LSZH,LEMD,2026-03-07 19:17:47+00:00,2026-03-07 19:00:00+00:00
347306,AEA75FG,1772907825,1772910936,LEPA,LEMD,2026-03-07 19:15:36+00:00,2026-03-07 19:00:00+00:00
4d2386,RYR3613,1772902141,1772910804,LKPR,LEMD,2026-03-07 19:13:24+00:00,2026-03-07 19:00:00+00:00
3e1a54,PAV641,1772907697,1772910688,LEBL,LEMD,2026-03-07 19:11:28+00:00,2026-03-07 19:00:00+00:00
49328f,NJE414M,1772907253,1772910524,LEPA,LEMD,2026-03-07 19:08:44+00:00,2026-03-07 19:00:00+00:00
48e9f3,RYR83KB,1772902418,1772910076,EGCC,LEMD,2026-03-07 19:01:16+00:00,2026-03-07 19:00:00+00:00
4cad3e,RYR79SY,1772903670,1772909787,LIMC,LEMD,2026-03-07 18:56:27+00:00,2026-03-07 18:00:00+00:00
040123,ETH741,1772906802,1772909757,LPPR,LEMD,2026-03-07 18:55:57+00:00,2026-03-07 18:00:00+00:00
4d23fa,RYR844N,1772906544,1772909658,LEPA,LEMD,2026-03-07 18:54:18+00:00,2026-03-07 18:00:00+00:00
4caf2b,RYR73RF,1772902670,1772909354,ELLX,LEMD,2026-03-07 18:49:14+00:00,2026-03-07 18:00:00+00:00
4ca707,RYR64KM,1772902025,1772908889,EGGD,LEMD,2026-03-07 18:41:29+00:00,2026-03-07 18:00:00+00:00
344195,ANE8033,1772906310,1772908796,LEZL,LEMD,2026-03-07 18:39:56+00:00,2026-03-07 18:00:00+00:00
3453d3,ANE92WD,1772904171,1772908554,LFML,LEMD,2026-03-07 18:35:54+00:00,2026-03-07 18:00:00+00:00
484556,KLM33K,1772900828,1772908417,EHAM,LEMD,2026-03-07 18:33:37+00:00,2026-03-07 18:00:00+00:00
344197,ANE96FH,1772903836,1772908403,LFRS,LEMD,2026-03-07 18:33:23+00:00,2026-03-07 18:00:00+00:00
4cae57,RYR41JR,1772901600,1772908289,EBCI,LEMD,2026-03-07 18:31:29+00:00,2026-03-07 18:00:00+00:00
39de4b,TVF47ZR,1772902428,1772908199,LFPO,LEMD,2026-03-07 18:29:59+00:00,2026-03-07 18:00:00+00:00
48c1a1,RYR40PN,1772903647,1772908097,,LEMD,2026-03-07 18:28:17+00:00,2026-03-07 18:00:00+00:00
342211,IBE0670,1772901938,1772907983,LIML,LEMD,2026-03-07 18:26:23+00:00,2026-03-07 18:00:00+00:00
346147,IBE04FE,1772905113,1772907863,LEBL,LEMD,2026-03-07 18:24:23+00:00,2026-03-07 18:00:00+00:00
34368c,ANE95NT,1772904307,1772907651,LFBD,LEMD,2026-03-07 18:20:51+00:00,2026-03-07 18:00:00+00:00
4d245b,WMT5BX,1772896376,1772907464,,LEMD,2026-03-07 18:17:44+00:00,2026-03-07 18:00:00+00:00
34608f,IBE05KG,1772904091,1772907299,LPPT,LEMD,2026-03-07 18:14:59+00:00,2026-03-07 18:00:00+00:00
345558,GES641R,1772900237,1772907289,EDNY,LEMD,2026-03-07 18:14:49+00:00,2026-03-07 18:00:00+00:00
494141,NJE563V,1772903947,1772907163,LXGB,LEMD,2026-03-07 18:12:43+00:00,2026-03-07 18:00:00+00:00
4ba9f6,THY6664,1772894136,1772907143,LTFM,LEMD,2026-03-07 18:12:23+00:00,2026-03-07 18:00:00+00:00
346689,IBB6XE,1772898844,1772907077,GCXO,LEMD,2026-03-07 18:11:17+00:00,2026-03-07 18:00:00+00:00
4d2534,WZZ6802,1772897040,1772907073,,LEMD,2026-03-07 18:11:13+00:00,2026-03-07 18:00:00+00:00
3465d4,IBB533Y,1772899470,1772906963,,LEMD,2026-03-07 18:09:23+00:00,2026-03-07 18:00:00+00:00
3451d9,ANE48SW,1772903386,1772906939,LFBO,LEMD,2026-03-07 18:08:59+00:00,2026-03-07 18:00:00+00:00
4ca805,RYR8QQ,1772899238,1772906808,EGSS,LEMD,2026-03-07 18:06:48+00:00,2026-03-07 18:00:00+00:00
34558f,AEA1684,1772894161,1772906723,LTFM,LEMD,2026-03-07 18:05:23+00:00,2026-03-07 18:00:00+00:00
345597,ANE64SR,1772903406,1772906685,LECO,LEMD,2026-03-07 18:04:45+00:00,2026-03-07 18:00:00+00:00
34134d,IBE05YW,1772900531,1772906608,LFPO,LEMD,2026-03-07 18:03:28+00:00,2026-03-07 18:00:00+00:00
4ca84c,RYR88LE,1772899607,1772906480,LIRF,LEMD,2026-03-07 18:01:20+00:00,2026-03-07 18:00:00+00:00
48c22e,RYR85PQ,1772895963,1772906368,EPKK,LEMD,2026-03-07 17:59:28+00:00,2026-03-07 17:00:00+00:00
3420cc,IBE08DE,1772896912,1772906210,LHBP,LEMD,2026-03-07 17:56:50+00:00,2026-03-07 17:00:00+00:00
347287,IBE07BB,1772899100,1772906200,EGLL,LEMD,2026-03-07 17:56:40+00:00,2026-03-07 17:00:00+00:00
3474da,IBS1668,1772903051,1772906068,LEPA,LEMD,2026-03-07 17:54:28+00:00,2026-03-07 17:00:00+00:00
348401,ANE35XN,1772903292,1772905967,LEAM,LEMD,2026-03-07 17:52:47+00:00,2026-03-07 17:00:00+00:00
346316,IBE08FR,1772894581,1772905965,LGAV,LEMD,2026-03-07 17:52:45+00:00,2026-03-07 17:00:00+00:00
4d2021,WZZ2972,1772896008,1772905799,LYBE,LEMD,2026-03-07 17:49:59+00:00,2026-03-07 17:00:00+00:00
345698,ANE15VN,1772902533,1772905619,LEJR,LEMD,2026-03-07 17:46:59+00:00,2026-03-07 17:00:00+00:00
3453c1,AEA64EB,1772900152,1772905602,LFPO,LEMD,2026-03-07 17:46:42+00:00,2026-03-07 17:00:00+00:00
3451da,ANE42PP,1772901922,1772905457,,LEMD,2026-03-07 17:44:17+00:00,2026-03-07 17:00:00+00:00
3452c8,ANE72SM,1772902728,1772905448,,LEMD,2026-03-07 17:44:08+00:00,2026-03-07 17:00:00+00:00
34260e,IBE0548,1772902110,1772905319,LPPR,LEMD,2026-03-07 17:41:59+00:00,2026-03-07 17:00:00+00:00
471fa7,WZZ41,1772895410,1772905256,LHBP,LEMD,2026-03-07 17:40:56+00:00,2026-03-07 17:00:00+00:00
3485d2,ANE19SN,1772902863,1772905189,,LEMD,2026-03-07 17:39:49+00:00,2026-03-07 17:00:00+00:00
344481,IBE07RR,1772895873,1772905099,EDDH,LEMD,2026-03-07 17:38:19+00:00,2026-03-07 17:00:00+00:00
344495,GES381L,1772902146,1772905085,LEJR,LEMD,2026-03-07 17:38:05+00:00,2026-03-07 17:00:00+00:00
344455,IBS17CT,1772902239,1772905001,LEIB,LEMD,2026-03-07 17:36:41+00:00,2026-03-07 17:00:00+00:00
34324f,IBE0436,1772902536,1772904947,,LEMD,2026-03-07 17:35:47+00:00,2026-03-07 17:00:00+00:00
4ca6a4,RYR1JG,1772897887,1772904866,EBMB,LEMD,2026-03-07 17:34:26+00:00,2026-03-07 17:00:00+00:00
345686,IBS1546,1772897221,1772904861,,LEMD,2026-03-07 17:34:21+00:00,2026-03-07 17:00:00+00:00
344218,ANE77CQ,1772901971,1772904774,LEMG,LEMD,2026-03-07 17:32:54+00:00,2026-03-07 17:00:00+00:00
3452c7,ANE1082,1772902397,1772904749,LEVC,LEMD,2026-03-07 17:32:29+00:00,2026-03-07 17:00:00+00:00
3483da,ANE98SF,1772901805,1772904658,LEAS,LEMD,2026-03-07 17:30:58+00:00,2026-03-07 17:00:00+00:00
347219,IBE07DK,1772896934,1772904644,EHAM,LEMD,2026-03-07 17:30:44+00:00,2026-03-07 17:00:00+00:00
34224e,IBE08SG,1772895425,1772904474,LKPR,LEMD,2026-03-07 17:27:54+00:00,2026-03-07 17:00:00+00:00
3472cc,IBE06LL,1772897790,1772904358,LIRF,LEMD,2026-03-07 17:25:58+00:00,2026-03-07 17:00:00+00:00
4d2504,RYR808H,1772897671,1772904227,LIPE,LEMD,2026-03-07 17:23:47+00:00,2026-03-07 17:00:00+00:00
34660b,IBE08VY,1772891498,1772904108,ESSA,LEMD,2026-03-07 17:21:48+00:00,2026-03-07 17:00:00+00:00
347307,AEA85HA,1772900970,1772904056,LECO,LEMD,2026-03-07 17:20:56+00:00,2026-03-07 17:00:00+00:00
781eb8,CES261,1772794526,1772903996,YSSY,LEMD,2026-03-07 17:19:56+00:00,2026-03-07 17:00:00+00:00
346082,AEA82SG,1772900860,1772903879,LPPT,LEMD,2026-03-07 17:17:59+00:00,2026-03-07 17:00:00+00:00
4b17e2,SWR465K,1772897466,1772903847,LSZH,LEMD,2026-03-07 17:17:27+00:00,2026-03-07 17:00:00+00:00
344487,AEA6066,1772900642,1772903680,LEPA,LEMD,2026-03-07 17:14:40+00:00,2026-03-07 17:00:00+00:00
34538e,AEA37GT,1772900880,1772903515,LEMG,LEMD,2026-03-07 17:11:55+00:00,2026-03-07 17:00:00+00:00
4cae4c,RYR799J,1772897194,1772903327,LIME,LEMD,2026-03-07 17:08:47+00:00,2026-03-07 17:00:00+00:00
347309,AEA54TM,1772900287,1772903188,LPPR,LEMD,2026-03-07 17:06:28+00:00,2026-03-07 17:00:00+00:00
4cadec,ITY060,1772896632,1772903157,LIRF,LEMD,2026-03-07 17:05:57+00:00,2026-03-07 17:00:00+00:00
48e9f6,RYR338Q,1772892545,1772902975,,LEMD,2026-03-07 17:02:55+00:00,2026-03-07 17:00:00+00:00
4ca891,RYR9988,1772896237,1772902859,LIPE,LEMD,2026-03-07 17:00:59+00:00,2026-03-07 17:00:00+00:00
4d242a,WMT773,1772890569,1772902721,,LEMD,2026-03-07 16:58:41+00:00,2026-03-07 16:00:00+00:00
4caff6,RYR35DK,1772893969,1772902398,LOWW,LEMD,2026-03-07 16:53:18+00:00,2026-03-07 16:00:00+00:00
347481,AEA7317,1772899323,1772902198,LEVX,LEMD,2026-03-07 16:49:58+00:00,2026-03-07 16:00:00+00:00
02007a,RAM970H,1772897958,1772902077,,LEMD,2026-03-07 16:47:57+00:00,2026-03-07 16:00:00+00:00
342188,IBS1610,1772894520,1772901902,,LEMD,2026-03-07 16:45:02+00:00,2026-03-07 16:00:00+00:00
34750b,AEA34BP,1772899344,1772901802,,LEMD,2026-03-07 16:43:22+00:00,2026-03-07 16:00:00+00:00
342090,IBS1532,1772893352,1772901689,,LEMD,2026-03-07 16:41:29+00:00,2026-03-07 16:00:00+00:00
4d24d6,WZZ13YU,1772890590,1772901614,EPWA,LEMD,2026-03-07 16:40:14+00:00,2026-03-07 16:00:00+00:00
347501,IBS15NM,1772893479,1772901569,GCXO,LEMD,2026-03-07 16:39:29+00:00,2026-03-07 16:00:00+00:00
34644c,IBS15UK,1772880935,1772901269,LEMD,LEMD,2026-03-07 16:34:29+00:00,2026-03-07 16:00:00+00:00
3c7865,VJH713,1772893375,1772901039,EGCC,LEMD,2026-03-07 16:30:39+00:00,2026-03-07 16:00:00+00:00
4aca74,SAS581,1772890486,1772900960,EKCH,LEMD,2026-03-07 16:29:20+00:00,2026-03-07 16:00:00+00:00
4952c3,TAP1016,1772897843,1772900938,LPPT,LEMD,2026-03-07 16:28:58+00:00,2026-03-07 16:00:00+00:00
39bda4,AFR69NJ,1772894970,1772900788,LFPG,LEMD,2026-03-07 16:26:28+00:00,2026-03-07 16:00:00+00:00
3c6593,DLH9931,1772893013,1772900700,EDDM,LEMD,2026-03-07 16:25:00+00:00,2026-03-07 16:00:00+00:00
4ca56c,RYR4766,1772894563,1772900474,LIRP,LEMD,2026-03-07 16:21:14+00:00,2026-03-07 16:00:00+00:00
344498,IBS16RM,1772896843,1772900095,LEPA,LEMD,2026-03-07 16:14:55+00:00,2026-03-07 16:00:00+00:00
3445d4,IBE0980,1772892523,1772899976,,LEMD,2026-03-07 16:12:56+00:00,2026-03-07 16:00:00+00:00
346386,IBE0312,1772864430,1772899888,MMMX,LEMD,2026-03-07 16:11:28+00:00,2026-03-07 16:00:00+00:00
4d224f,RYR37QX,1772893533,1772899403,LIMF,LEMD,2026-03-07 16:03:23+00:00,2026-03-07 16:00:00+00:00
502ccd,ASL68M,1772888795,1772899067,LYBE,LEMD,2026-03-07 15:57:47+00:00,2026-03-07 15:00:00+00:00
347454,IBE0630,1772891941,1772898818,LSZH,LEMD,2026-03-07 15:53:38+00:00,2026-03-07 15:00:00+00:00
408228,BAW46BL,1772892002,1772898775,EGLL,LEMD,2026-03-07 15:52:55+00:00,2026-03-07 15:00:00+00:00
471f74,WMT8080,1772886704,1772898409,LROP,LEMD,2026-03-07 15:46:49+00:00,2026-03-07 15:00:00+00:00
34608e,IBE06EY,1772891440,1772897816,LIRF,LEMD,2026-03-07 15:36:56+00:00,2026-03-07 15:00:00+00:00
347308,SWT183,1772889361,1772897608,GCXO,LEMD,2026-03-07 15:33:28+00:00,2026-03-07 15:00:00+00:00
4d23b6,ANE19NB,1772892615,1772897117,,LEMD,2026-03-07 15:25:17+00:00,2026-03-07 15:00:00+00:00
3451d8,ANE3045,1772894384,1772897028,LEBL,LEMD,2026-03-07 15:23:48+00:00,2026-03-07 15:00:00+00:00
342105,IBS1852,1772892728,1772896847,,LEMD,2026-03-07 15:20:47+00:00,2026-03-07 15:00:00+00:00
4ca646,RYR20UB,1772893763,1772896784,LEPA,LEMD,2026-03-07 15:19:44+00:00,2026-03-07 15:00:00+00:00
503e99,NIA7317,1772880384,1772896497,,LEMD,2026-03-07 15:14:57+00:00,2026-03-07 15:00:00+00:00
3c6658,DLH19X,1772889374,1772896407,EDDF,LEMD,2026-03-07 15:13:27+00:00,2026-03-07 15:00:00+00:00
344449,IBE04TD,1772893111,1772896312,LEBL,LEMD,2026-03-07 15:11:52+00:00,2026-03-07 15:00:00+00:00
4caa61,RYR89XU,1772892952,1772896251,GMTN,LEMD,2026-03-07 15:10:51+00:00,2026-03-07 15:00:00+00:00
3423c4,IBE05CY,1772890500,1772896002,LFPO,LEMD,2026-03-07 15:06:42+00:00,2026-03-07 15:00:00+00:00
3461cb,IBE0114,1772799878,1772895836,LEMD,LEMD,2026-03-07 15:03:56+00:00,2026-03-07 15:00:00+00:00
484ee4,KLM31H,1772888391,1772895714,EHAM,LEMD,2026-03-07 15:01:54+00:00,2026-03-07 15:00:00+00:00
406319,EZY27VU,1772888612,1772895676,EGKK,LEMD,2026-03-07 15:01:16+00:00,2026-03-07 15:00:00+00:00
e80215,LPE2484,1772762484,1772895508,YMML,LEMD,2026-03-07 14:58:28+00:00,2026-03-07 14:00:00+00:00
3cdf15,PVD469H,1772892290,1772895404,LEGE,LEMD,2026-03-07 14:56:44+00:00,2026-03-07 14:00:00+00:00
02019d,MAC391,1772892010,1772895327,GMTT,LEMD,2026-03-07 14:55:27+00:00,2026-03-07 14:00:00+00:00
347306,AEA42VP,1772892468,1772895248,LEIB,LEMD,2026-03-07 14:54:08+00:00,2026-03-07 14:00:00+00:00
4bb475,MNB8041,1772882430,1772895149,LTFM,LEMD,2026-03-07 14:52:29+00:00,2026-03-07 14:00:00+00:00
aa9800,AMX021,1772859033,1772895084,MMMX,LEMD,2026-03-07 14:51:24+00:00,2026-03-07 14:00:00+00:00
39bdb8,AFR75DH,1772889017,1772894982,LFPG,LEMD,2026-03-07 14:49:42+00:00,2026-03-07 14:00:00+00:00
48c2ae,RYR92SW,1772888455,1772894889,LIRF,LEMD,2026-03-07 14:48:09+00:00,2026-03-07 14:00:00+00:00
341682,IBS16SQ,1772887531,1772894808,,LEMD,2026-03-07 14:46:48+00:00,2026-03-07 14:00:00+00:00
345691,IBE06PR,1772888250,1772894710,LIRF,LEMD,2026-03-07 14:45:10+00:00,2026-03-07 14:00:00+00:00
347206,IBE0308,1772859183,1772894541,MMMX,LEMD,2026-03-07 14:42:21+00:00,2026-03-07 14:00:00+00:00
347453,IBE1452,1772886764,1772894367,,LEMD,2026-03-07 14:39:27+00:00,2026-03-07 14:00:00+00:00
346499,IBE09MT,1772882148,1772893999,ENGM,LEMD,2026-03-07 14:33:19+00:00,2026-03-07 14:00:00+00:00
4d23fa,RYR288C,1772890710,1772893886,LEPA,LEMD,2026-03-07 14:31:26+00:00,2026-03-07 14:00:00+00:00
4ba9e5,THY2LZ,1772881174,1772893762,LTFM,LEMD,2026-03-07 14:29:22+00:00,2026-03-07 14:00:00+00:00
e0b04f,ARG1132,1772853028,1772893499,SAEZ,LEMD,2026-03-07 14:24:59+00:00,2026-03-07 14:00:00+00:00
4cafd3,RYR9AF,1772886077,1772893219,EGSS,LEMD,2026-03-07 14:20:19+00:00,2026-03-07 14:00:00+00:00
06a0dc,QTR2G,1772875730,1772893151,,LEMD,2026-03-07 14:19:11+00:00,2026-03-07 14:00:00+00:00
3c5428,BCS6725,1772885250,1772893019,EHAM,LEMD,2026-03-07 14:16:59+00:00,2026-03-07 14:00:00+00:00
010287,NMA6001,1772880065,1772892839,,LEMD,2026-03-07 14:13:59+00:00,2026-03-07 14:00:00+00:00
347344,IBE07WY,1772883570,1772892762,LOWW,LEMD,2026-03-07 14:12:42+00:00,2026-03-07 14:00:00+00:00
347247,IBS16PN,1772889360,1772892623,LEPA,LEMD,2026-03-07 14:10:23+00:00,2026-03-07 14:00:00+00:00
345692,IBE0940,1772883586,1772892538,LDZA,LEMD,2026-03-07 14:08:58+00:00,2026-03-07 14:00:00+00:00
a06572,N1244,1772886857,1772892433,LFPB,LEMD,2026-03-07 14:07:13+00:00,2026-03-07 14:00:00+00:00
344416,IBS18KG,1772885370,1772892414,EGKK,LEMD,2026-03-07 14:06:54+00:00,2026-03-07 14:00:00+00:00
34604c,ANE41EW,1772888150,1772892320,,LEMD,2026-03-07 14:05:20+00:00,2026-03-07 14:00:00+00:00
3c56a3,GEC8307,1772888212,1772892265,,LEMD,2026-03-07 14:04:25+00:00,2026-03-07 14:00:00+00:00
39b228,CMA257,1772885983,1772892169,LFPG,LEMD,2026-03-07 14:02:49+00:00,2026-03-07 14:00:00+00:00
345385,ANE19TF,1772887933,1772892134,,LEMD,2026-03-07 14:02:14+00:00,2026-03-07 14:00:00+00:00
3451d9,ANE76BG,1772883915,1772892074,EDDM,LEMD,2026-03-07 14:01:14+00:00,2026-03-07 14:00:00+00:00
010284,NMA6015,1772878394,1772891951,,LEMD,2026-03-07 13:59:11+00:00,2026-03-07 13:00:00+00:00
344297,AME0809,1772882825,1772891870,EDDW,LEMD,2026-03-07 13:57:50+00:00,2026-03-07 13:00:00+00:00
346147,IBE04SH,1772887892,1772891788,LEBL,LEMD,2026-03-07 13:56:28+00:00,2026-03-07 13:00:00+00:00
3452c8,ANE51QE,1772883639,1772891669,EDDF,LEMD,2026-03-07 13:54:29+00:00,2026-03-07 13:00:00+00:00
345597,ANE75KF,1772888931,1772891516,,LEMD,2026-03-07 13:51:56+00:00,2026-03-07 13:00:00+00:00
34644d,IBS16JK,1772887984,1772891410,LEIB,LEMD,2026-03-07 13:50:10+00:00,2026-03-07 13:00:00+00:00
342059,IBE06EA,1772883422,1772891368,LIPZ,LEMD,2026-03-07 13:49:28+00:00,2026-03-07 13:00:00+00:00
34250a,IBE05MP,1772884969,1772891279,LFPO,LEMD,2026-03-07 13:47:59+00:00,2026-03-07 13:00:00+00:00
345543,ANE55CZ,1772888130,1772891181,LPPT,LEMD,2026-03-07 13:46:21+00:00,2026-03-07 13:00:00+00:00
344648,IBE07VR,1772882859,1772891181,EHAM,LEMD,2026-03-07 13:46:21+00:00,2026-03-07 13:00:00+00:00
345698,ANE74TK,1772883877,1772891056,LIPE,LEMD,2026-03-07 13:44:16+00:00,2026-03-07 13:00:00+00:00
4d200f,WZZ35KL,1772872953,1772890961,,LEMD,2026-03-07 13:42:41+00:00,2026-03-07 13:00:00+00:00
348401,ANE57LC,1772887577,1772890938,LEJR,LEMD,2026-03-07 13:42:18+00:00,2026-03-07 13:00:00+00:00
744829,RJA109,1772872793,1772890859,,LEMD,2026-03-07 13:40:59+00:00,2026-03-07 13:00:00+00:00
34620b,IBE05RC,1772887778,1772890812,LEST,LEMD,2026-03-07 13:40:12+00:00,2026-03-07 13:00:00+00:00
48e95a,LOT4VN,1772879103,1772890709,EPWA,LEMD,2026-03-07 13:38:29+00:00,2026-03-07 13:00:00+00:00
4cafc1,RYR81CN,1772886305,1772890703,,LEMD,2026-03-07 13:38:23+00:00,2026-03-07 13:00:00+00:00
345388,ANE78RT,1772887591,1772890619,LEAL,LEMD,2026-03-07 13:36:59+00:00,2026-03-07 13:00:00+00:00
34644e,IBS15UJ,1772882433,1772890586,GCXO,LEMD,2026-03-07 13:36:26+00:00,2026-03-07 13:00:00+00:00
34324f,IBE04CL,1772887699,1772890520,,LEMD,2026-03-07 13:35:20+00:00,2026-03-07 13:00:00+00:00
346186,IBE07DC,1772883711,1772890371,EGLL,LEMD,2026-03-07 13:32:51+00:00,2026-03-07 13:00:00+00:00
345615,ANE1228,1772887784,1772890364,LEVC,LEMD,2026-03-07 13:32:44+00:00,2026-03-07 13:00:00+00:00
34448d,IBS1822,1772879711,1772890281,EKCH,LEMD,2026-03-07 13:31:21+00:00,2026-03-07 13:00:00+00:00
342104,IBS1502,1772883530,1772890250,,LEMD,2026-03-07 13:30:50+00:00,2026-03-07 13:00:00+00:00
34260e,IBE07ME,1772882631,1772890196,EDDL,LEMD,2026-03-07 13:29:56+00:00,2026-03-07 13:00:00+00:00
343141,IBS1756,1772887507,1772890081,LEZL,LEMD,2026-03-07 13:28:01+00:00,2026-03-07 13:00:00+00:00
3453d3,ANE81UX,1772884950,1772889985,LFLL,LEMD,2026-03-07 13:26:25+00:00,2026-03-07 13:00:00+00:00
345687,ANE47TP,1772886527,1772889980,GMTT,LEMD,2026-03-07 13:26:20+00:00,2026-03-07 13:00:00+00:00
34608f,IBE04KK,1772886961,1772889885,LEAS,LEMD,2026-03-07 13:24:45+00:00,2026-03-07 13:00:00+00:00
3423c3,IBE06GT,1772883021,1772889858,LIRF,LEMD,2026-03-07 13:24:18+00:00,2026-03-07 13:00:00+00:00
495cd0,WFL862P,1772880954,1772889737,LKPR,LEMD,2026-03-07 13:22:17+00:00,2026-03-07 13:00:00+00:00
34324e,IBE04GV,1772886914,1772889703,LEVX,LEMD,2026-03-07 13:21:43+00:00,2026-03-07 13:00:00+00:00
345583,ANE25WM,1772887328,1772889628,,LEMD,2026-03-07 13:20:28+00:00,2026-03-07 13:00:00+00:00
3420cb,IBE05DE,1772883756,1772889509,LFPG,LEMD,2026-03-07 13:18:29+00:00,2026-03-07 13:00:00+00:00
344417,IBE05GG,1772882550,1772889417,EBMB,LEMD,2026-03-07 13:16:57+00:00,2026-03-07 13:00:00+00:00
344455,IBS18VV,1772880085,1772889317,EDDB,LEMD,2026-03-07 13:15:17+00:00,2026-03-07 13:00:00+00:00
347518,IBE0126,1772853665,1772889294,,LEMD,2026-03-07 13:14:54+00:00,2026-03-07 13:00:00+00:00
344218,ANE471Q,1772884835,1772889233,LFML,LEMD,2026-03-07 13:13:53+00:00,2026-03-07 13:00:00+00:00
34368c,ANE35AQ,1772886210,1772889209,LPPR,LEMD,2026-03-07 13:13:29+00:00,2026-03-07 13:00:00+00:00
347288,IBE06PL,1772883973,1772889088,LSGG,LEMD,2026-03-07 13:11:28+00:00,2026-03-07 13:00:00+00:00
3485d2,ANE31VM,1772886475,1772889070,LEMG,LEMD,2026-03-07 13:11:10+00:00,2026-03-07 13:00:00+00:00
3451da,ANE88MB,1772882830,1772888846,LIMF,LEMD,2026-03-07 13:07:26+00:00,2026-03-07 13:00:00+00:00
06a13a,QTR25U,1772873264,1772888724,,LEMD,2026-03-07 13:05:24+00:00,2026-03-07 13:00:00+00:00
347343,IBE0108,1772849046,1772888607,SAEZ,LEMD,2026-03-07 13:03:27+00:00,2026-03-07 13:00:00+00:00
344197,ANE83VN,1772883784,1772888545,,LEMD,2026-03-07 13:02:25+00:00,2026-03-07 13:00:00+00:00
495302,TAP1014,1772885257,1772888398,LPPT,LEMD,2026-03-07 12:59:58+00:00,2026-03-07 12:00:00+00:00
347386,IBE07PP,1772881517,1772888275,EGLL,LEMD,2026-03-07 12:57:55+00:00,2026-03-07 12:00:00+00:00
34520e,IBE03AB,1772850522,1772888173,KLAX,LEMD,2026-03-07 12:56:13+00:00,2026-03-07 12:00:00+00:00
48c22f,RYR753H,1772881066,1772888069,,LEMD,2026-03-07 12:54:29+00:00,2026-03-07 12:00:00+00:00
345109,IBE0132,1772861627,1772887955,,LEMD,2026-03-07 12:52:35+00:00,2026-03-07 12:00:00+00:00
346057,IBE0154,1772812453,1772887814,LEMD,LEMD,2026-03-07 12:50:14+00:00,2026-03-07 12:00:00+00:00
aaa32d,AVA010,1772856557,1772887739,SKGY,LEMD,2026-03-07 12:48:59+00:00,2026-03-07 12:00:00+00:00
347348,AEA23SK,1772880745,1772887732,EHAM,LEMD,2026-03-07 12:48:52+00:00,2026-03-07 12:00:00+00:00
34510a,IBE0222,1772844072,1772887641,MGGT,LEMD,2026-03-07 12:47:21+00:00,2026-03-07 12:00:00+00:00
34444b,IBE06YZ,1772880903,1772887556,LSZH,LEMD,2026-03-07 12:45:56+00:00,2026-03-07 12:00:00+00:00
4ca9c3,RYR6CD,1772883697,1772887494,,LEMD,2026-03-07 12:44:54+00:00,2026-03-07 12:00:00+00:00
346082,AEA85PZ,1772884398,1772887430,LPAR,LEMD,2026-03-07 12:43:50+00:00,2026-03-07 12:00:00+00:00
3475d5,IBE06BB,1772881255,1772887311,LIML,LEMD,2026-03-07 12:41:51+00:00,2026-03-07 12:00:00+00:00
346083,AEA21GN,1772884310,1772887289,LEMG,LEMD,2026-03-07 12:41:29+00:00,2026-03-07 12:00:00+00:00
34750b,AEA65UZ,1772884530,1772887199,,LEMD,2026-03-07 12:39:59+00:00,2026-03-07 12:00:00+00:00
344487,AEA6048,1772884031,1772887132,LEPA,LEMD,2026-03-07 12:38:52+00:00,2026-03-07 12:00:00+00:00
346398,IBB38HF,1772878632,1772887071,GCXO,LEMD,2026-03-07 12:37:51+00:00,2026-03-07 12:00:00+00:00
344341,AEA9161,1772879496,1772887012,,LEMD,2026-03-07 12:36:52+00:00,2026-03-07 12:00:00+00:00
4cad3e,RYR254R,1772875445,1772886974,LROP,LEMD,2026-03-07 12:36:14+00:00,2026-03-07 12:00:00+00:00
346114,EVE814,1772857368,1772886871,,LEMD,2026-03-07 12:34:31+00:00,2026-03-07 12:00:00+00:00
e80491,LAN706,1772793491,1772886775,KMIA,LEMD,2026-03-07 12:32:55+00:00,2026-03-07 12:00:00+00:00
346188,VLG9XD,1772880154,1772886702,,LEMD,2026-03-07 12:31:42+00:00,2026-03-07 12:00:00+00:00
344216,AEA37KG,1772883677,1772886626,LPPR,LEMD,2026-03-07 12:30:26+00:00,2026-03-07 12:00:00+00:00
348213,IBB80ME,1772879264,1772886557,,LEMD,2026-03-07 12:29:17+00:00,2026-03-07 12:00:00+00:00
710415,SVA227,1772874330,1772886556,,LEMD,2026-03-07 12:29:16+00:00,2026-03-07 12:00:00+00:00
010246,MSR753,1772870063,1772886448,,LEMD,2026-03-07 12:27:28+00:00,2026-03-07 12:00:00+00:00
34750a,AEA7234,1772883245,1772886399,LECO,LEMD,2026-03-07 12:26:39+00:00,2026-03-07 12:00:00+00:00
347309,AEA45TN,1772883339,1772886231,LEVX,LEMD,2026-03-07 12:23:51+00:00,2026-03-07 12:00:00+00:00
345353,AEA064,1772856698,1772886088,,LEMD,2026-03-07 12:21:28+00:00,2026-03-07 12:00:00+00:00
3444c4,IBE0344,1772858816,1772885985,KORD,LEMD,2026-03-07 12:19:45+00:00,2026-03-07 12:00:00+00:00
34750f,AEA27DR,1772883451,1772885905,LEAL,LEMD,2026-03-07 12:18:25+00:00,2026-03-07 12:00:00+00:00
4d2279,RYR5JE,1772881684,1772885847,,LEMD,2026-03-07 12:17:27+00:00,2026-03-07 12:00:00+00:00
348541,AEA81ZL,1772878521,1772885720,EDDF,LEMD,2026-03-07 12:15:20+00:00,2026-03-07 12:00:00+00:00
348412,AEA13DH,1772877561,1772885666,GCXO,LEMD,2026-03-07 12:14:26+00:00,2026-03-07 12:00:00+00:00
3c648b,DLH99F,1772878431,1772885609,EDDF,LEMD,2026-03-07 12:13:29+00:00,2026-03-07 12:00:00+00:00
aabbd0,AVA016,1772856067,1772885429,,LEMD,2026-03-07 12:10:29+00:00,2026-03-07 12:00:00+00:00
347307,AEA76UY,1772883309,1772885338,LEVC,LEMD,2026-03-07 12:08:58+00:00,2026-03-07 12:00:00+00:00
e80473,TAM8066,1772852595,1772885219,,LEMD,2026-03-07 12:06:59+00:00,2026-03-07 12:00:00+00:00
348441,AEA58SL,1772877101,1772885035,EDDM,LEMD,2026-03-07 12:03:55+00:00,2026-03-07 12:00:00+00:00
348085,AEA56TZ,1772878194,1772884979,EGKK,LEMD,2026-03-07 12:02:59+00:00,2026-03-07 12:00:00+00:00
34745a,AEA38BG,1772878626,1772884909,LSZH,LEMD,2026-03-07 12:01:49+00:00,2026-03-07 12:00:00+00:00
48c1a1,RYR62SU,1772881710,1772884769,LEPA,LEMD,2026-03-07 11:59:29+00:00,2026-03-07 11:00:00+00:00
3453c1,AEA83QZ,1772879148,1772884676,LFPO,LEMD,2026-03-07 11:57:56+00:00,2026-03-07 11:00:00+00:00
345251,AEA198,1772856990,1772884613,,LEMD,2026-03-07 11:56:53+00:00,2026-03-07 11:00:00+00:00
34840a,AEA32SQ,1772877796,1772884508,EBMB,LEMD,2026-03-07 11:55:08+00:00,2026-03-07 11:00:00+00:00
344498,IBS18HT,1772877060,1772884426,EIDW,LEMD,2026-03-07 11:53:46+00:00,2026-03-07 11:00:00+00:00
34538e,AEA1066,1772878550,1772884423,LIMC,LEMD,2026-03-07 11:53:43+00:00,2026-03-07 11:00:00+00:00
3482d6,AEA53EQ,1772881256,1772884228,LEBL,LEMD,2026-03-07 11:50:28+00:00,2026-03-07 11:00:00+00:00
34640e,IBE03TM,1772856001,1772884139,KMIA,LEMD,2026-03-07 11:48:59+00:00,2026-03-07 11:00:00+00:00
4bb075,THY9HD,1772871378,1772884108,LTFM,LEMD,2026-03-07 11:48:28+00:00,2026-03-07 11:00:00+00:00
3453cc,AEA26CT,1772877360,1772883945,LIRF,LEMD,2026-03-07 11:45:45+00:00,2026-03-07 11:00:00+00:00
01026f,MSC3103,1772856496,1772883806,,LEMD,2026-03-07 11:43:26+00:00,2026-03-07 11:00:00+00:00
4cadbd,RYR34WP,1772880167,1772883749,LPPR,LEMD,2026-03-07 11:42:29+00:00,2026-03-07 11:00:00+00:00
39ceaf,TVF75DA,1772877640,1772883683,LFPO,LEMD,2026-03-07 11:41:23+00:00,2026-03-07 11:00:00+00:00
347604,AEA056,1772852708,1772883560,,LEMD,2026-03-07 11:39:20+00:00,2026-03-07 11:00:00+00:00
4d2386,RYR96FL,1772874883,1772883437,,LEMD,2026-03-07 11:37:17+00:00,2026-03-07 11:00:00+00:00
343147,PUE302,1772847850,1772883389,,LEMD,2026-03-07 11:36:29+00:00,2026-03-07 11:00:00+00:00
347481,AEA49KZ,1772875981,1772883296,LIPZ,LEMD,2026-03-07 11:34:56+00:00,2026-03-07 11:00:00+00:00
3472c9,IBS16MJ,1772875578,1772883235,,LEMD,2026-03-07 11:33:55+00:00,2026-03-07 11:00:00+00:00
4cac86,RYR821G,1772875955,1772883113,,LEMD,2026-03-07 11:31:53+00:00,2026-03-07 11:00:00+00:00
34134d,IBE0646,1772876833,1772883026,LIML,LEMD,2026-03-07 11:30:26+00:00,2026-03-07 11:00:00+00:00
345299,AEA194,1772807778,1772882905,LEMD,LEMD,2026-03-07 11:28:25+00:00,2026-03-07 11:00:00+00:00
01015c,MSR2753,1772870233,1772882810,,LEMD,2026-03-07 11:26:50+00:00,2026-03-07 11:00:00+00:00
3465c5,WFL2502,1772853161,1772882664,,LEMD,2026-03-07 11:24:24+00:00,2026-03-07 11:00:00+00:00
4cac53,RYR40CC,1772873604,1772882518,LKPR,LEMD,2026-03-07 11:21:58+00:00,2026-03-07 11:00:00+00:00
347287,IBE07WK,1772875200,1772882420,EGLL,LEMD,2026-03-07 11:20:20+00:00,2026-03-07 11:00:00+00:00
4caf2b,RYR25VH,1772872736,1772882203,,LEMD,2026-03-07 11:16:43+00:00,2026-03-07 11:00:00+00:00
7811a5,CCA865,1772846730,1772882062,,LEMD,2026-03-07 11:14:22+00:00,2026-03-07 11:00:00+00:00
3462c9,AEA098,1772853363,1772881845,KMIA,LEMD,2026-03-07 11:10:45+00:00,2026-03-07 11:00:00+00:00
4867c0,KLM77G,1772874385,1772881768,EHAM,LEMD,2026-03-07 11:09:28+00:00,2026-03-07 11:00:00+00:00
ab5365,DAL108,1772853288,1772881604,KATL,LEMD,2026-03-07 11:06:44+00:00,2026-03-07 11:00:00+00:00
3472cc,IBE0570,1772875801,1772881338,LFPO,LEMD,2026-03-07 11:02:18+00:00,2026-03-07 11:00:00+00:00
4caa61,RYR49HF,1772873964,1772881221,EGSS,LEMD,2026-03-07 11:00:21+00:00,2026-03-07 11:00:00+00:00
343385,IBS1732,1772877962,1772880829,LEMG,LEMD,2026-03-07 10:53:49+00:00,2026-03-07 10:00:00+00:00
34659a,IBE0138,1772798614,1772880700,LEMD,LEMD,2026-03-07 10:51:40+00:00,2026-03-07 10:00:00+00:00
4ca7b3,RYR34VJ,1772874060,1772880560,LIRF,LEMD,2026-03-07 10:49:20+00:00,2026-03-07 10:00:00+00:00
0d0a9b,AMX001,1772844860,1772880287,MMMX,LEMD,2026-03-07 10:44:47+00:00,2026-03-07 10:00:00+00:00
344449,IBE0408,1772877344,1772880175,LEBL,LEMD,2026-03-07 10:42:55+00:00,2026-03-07 10:00:00+00:00
345352,AEA072,1772813239,1772879935,LEMD,LEMD,2026-03-07 10:38:55+00:00,2026-03-07 10:00:00+00:00
46b82b,AEE7LD,1772868890,1772879787,LGAV,LEMD,2026-03-07 10:36:27+00:00,2026-03-07 10:00:00+00:00
347306,AEA54UH,1772876558,1772879592,LEPA,LEMD,2026-03-07 10:33:12+00:00,2026-03-07 10:00:00+00:00
407536,BAW46EZ,1772872713,1772879481,EGLL,LEMD,2026-03-07 10:31:21+00:00,2026-03-07 10:00:00+00:00
02005a,RAM972C,1772875383,1772879396,,LEMD,2026-03-07 10:29:56+00:00,2026-03-07 10:00:00+00:00
01024e,MSC3109,1772863290,1772879308,,LEMD,2026-03-07 10:28:28+00:00,2026-03-07 10:00:00+00:00
44ce72,BEL5EN,1772872395,1772879180,EBMB,LEMD,2026-03-07 10:26:20+00:00,2026-03-07 10:00:00+00:00
4ca646,RYR50BB,1772872223,1772879068,EBMB,LEMD,2026-03-07 10:24:28+00:00,2026-03-07 10:00:00+00:00
344485,SWT966P,1772875486,1772878937,LEIB,LEMD,2026-03-07 10:22:17+00:00,2026-03-07 10:00:00+00:00
4ca6a4,RYR34UT,1772872417,1772878815,EBCI,LEMD,2026-03-07 10:20:15+00:00,2026-03-07 10:00:00+00:00
346181,AEA088,1772871781,1772878722,,LEMD,2026-03-07 10:18:42+00:00,2026-03-07 10:00:00+00:00
3991e8,AFR39PL,1772872713,1772878427,LFPG,LEMD,2026-03-07 10:13:47+00:00,2026-03-07 10:00:00+00:00
01025c,MSC3117,1772865258,1772878316,,LEMD,2026-03-07 10:11:56+00:00,2026-03-07 10:00:00+00:00
e494f1,AZU8754,1772843991,1772878186,SBKP,LEMD,2026-03-07 10:09:46+00:00,2026-03-07 10:00:00+00:00
4bc84c,PGT1099,1772865351,1772878076,LTFJ,LEMD,2026-03-07 10:07:56+00:00,2026-03-07 10:00:00+00:00
495145,TAP12LM,1772874961,1772877942,LPPT,LEMD,2026-03-07 10:05:42+00:00,2026-03-07 10:00:00+00:00
3484d3,IBE0264,1772850426,1772877837,,LEMD,2026-03-07 10:03:57+00:00,2026-03-07 10:00:00+00:00
347454,IBE04WK,1772874871,1772877688,LEBL,LEMD,2026-03-07 10:01:28+00:00,2026-03-07 10:00:00+00:00
4d224f,RYR52LA,1772869870,1772877561,EGCC,LEMD,2026-03-07 09:59:21+00:00,2026-03-07 09:00:00+00:00
3475c7,IBE0243,1772797529,1772877448,LEMD,LEMD,2026-03-07 09:57:28+00:00,2026-03-07 09:00:00+00:00
c06a7b,TSC384,1772853996,1772877381,CYUL,LEMD,2026-03-07 09:56:21+00:00,2026-03-07 09:00:00+00:00
345597,ANE48NC,1772872692,1772877299,LFRS,LEMD,2026-03-07 09:54:59+00:00,2026-03-07 09:00:00+00:00
4081bf,BAW4MJ,1772869973,1772877263,EGLL,LEMD,2026-03-07 09:54:23+00:00,2026-03-07 09:00:00+00:00
3c65cb,DLH99X,1772869440,1772877149,EDDM,LEMD,2026-03-07 09:52:29+00:00,2026-03-07 09:00:00+00:00
348084,AEA034,1772851671,1772877022,,LEMD,2026-03-07 09:50:22+00:00,2026-03-07 09:00:00+00:00
3434ce,GES401V,1772874107,1772876996,LEBL,LEMD,2026-03-07 09:49:56+00:00,2026-03-07 09:00:00+00:00
4a08eb,ROT415K,1772864919,1772876904,LROP,LEMD,2026-03-07 09:48:24+00:00,2026-03-07 09:00:00+00:00
34530c,AEA084,1772808828,1772876887,LEMD,LEMD,2026-03-07 09:48:07+00:00,2026-03-07 09:00:00+00:00
347219,IBE05DD,1772872936,1772876816,LPPT,LEMD,2026-03-07 09:46:56+00:00,2026-03-07 09:00:00+00:00
34754d,IBE0106,1772836814,1772876799,SAEZ,LEMD,2026-03-07 09:46:39+00:00,2026-03-07 09:00:00+00:00
344459,AEA58ZQ,1772867646,1772876742,GCXO,LEMD,2026-03-07 09:45:42+00:00,2026-03-07 09:00:00+00:00
348401,ANE37VA,1772872789,1772876635,LEAM,LEMD,2026-03-07 09:43:55+00:00,2026-03-07 09:00:00+00:00
348212,IBB900Z,1772867356,1772876531,GCXO,LEMD,2026-03-07 09:42:11+00:00,2026-03-07 09:00:00+00:00
347645,IBB9TN,1772868231,1772876428,,LEMD,2026-03-07 09:40:28+00:00,2026-03-07 09:00:00+00:00
348249,IBE03HY,1772853005,1772876301,KBOS,LEMD,2026-03-07 09:38:21+00:00,2026-03-07 09:00:00+00:00
4d23fa,RYR48UU,1772870297,1772876277,LIME,LEMD,2026-03-07 09:37:57+00:00,2026-03-07 09:00:00+00:00
34810b,IBE03ZZ,1772847397,1772876229,TJSJ,LEMD,2026-03-07 09:37:09+00:00,2026-03-07 09:00:00+00:00
34604c,ANE57PH,1772874043,1772876158,LEVC,LEMD,2026-03-07 09:35:58+00:00,2026-03-07 09:00:00+00:00
345388,ANE62VG,1772872872,1772876127,,LEMD,2026-03-07 09:35:27+00:00,2026-03-07 09:00:00+00:00
34620b,IBE06RZ,1772871123,1772876061,LSGG,LEMD,2026-03-07 09:34:21+00:00,2026-03-07 09:00:00+00:00
347501,IBS1590,1772867211,1772876002,GCXO,LEMD,2026-03-07 09:33:22+00:00,2026-03-07 09:00:00+00:00
48c2a4,RYR76QY,1772866008,1772875943,EPKK,LEMD,2026-03-07 09:32:23+00:00,2026-03-07 09:00:00+00:00
4cae8d,RYR69MB,1772868534,1772875858,,LEMD,2026-03-07 09:30:58+00:00,2026-03-07 09:00:00+00:00
34644d,IBS16EY,1772867802,1772875737,,LEMD,2026-03-07 09:28:57+00:00,2026-03-07 09:00:00+00:00
34608f,IBE04YY,1772872327,1772875619,LEAS,LEMD,2026-03-07 09:26:59+00:00,2026-03-07 09:00:00+00:00
342105,IBS1528,1772868438,1772875581,,LEMD,2026-03-07 09:26:21+00:00,2026-03-07 09:00:00+00:00
343141,IBS15DH,1772867394,1772875539,,LEMD,2026-03-07 09:25:39+00:00,2026-03-07 09:00:00+00:00
346147,IBE04TE,1772872521,1772875482,LEBL,LEMD,2026-03-07 09:24:42+00:00,2026-03-07 09:00:00+00:00
34324f,IBE04CP,1772871728,1772875439,LECO,LEMD,2026-03-07 09:23:59+00:00,2026-03-07 09:00:00+00:00
04008c,ETH3785,1772813739,1772875310,VHHH,LEMD,2026-03-07 09:21:50+00:00,2026-03-07 09:00:00+00:00
344481,IBE05EP,1772871998,1772875309,LPPR,LEMD,2026-03-07 09:21:49+00:00,2026-03-07 09:00:00+00:00
345686,IBS15WU,1772868367,1772875217,,LEMD,2026-03-07 09:20:17+00:00,2026-03-07 09:00:00+00:00
345615,ANE22ZL,1772872127,1772875122,LEMG,LEMD,2026-03-07 09:18:42+00:00,2026-03-07 09:00:00+00:00
4cae19,ITY058,1772868758,1772875094,LIRF,LEMD,2026-03-07 09:18:14+00:00,2026-03-07 09:00:00+00:00
346204,IBE04AM,1772871643,1772875019,LEVX,LEMD,2026-03-07 09:16:59+00:00,2026-03-07 09:00:00+00:00
34644c,IBS16HV,1772871694,1772874927,LEPA,LEMD,2026-03-07 09:15:27+00:00,2026-03-07 09:00:00+00:00
3423c4,IBE04SF,1772872217,1772874897,,LEMD,2026-03-07 09:14:57+00:00,2026-03-07 09:00:00+00:00
344345,IBE0272,1772840338,1772874777,,LEMD,2026-03-07 09:12:57+00:00,2026-03-07 09:00:00+00:00
4d23b6,ANE25DN,1772870044,1772874735,,LEMD,2026-03-07 09:12:15+00:00,2026-03-07 09:00:00+00:00
34750b,AEA78ED,1772871600,1772874666,LPPT,LEMD,2026-03-07 09:11:06+00:00,2026-03-07 09:00:00+00:00
3485d2,ANE32ZP,1772871691,1772874592,LEJR,LEMD,2026-03-07 09:09:52+00:00,2026-03-07 09:00:00+00:00
345687,ANE44MT,1772871151,1772874549,LFBD,LEMD,2026-03-07 09:09:09+00:00,2026-03-07 09:00:00+00:00
342188,IBS1752,1772871810,1772874473,LEZL,LEMD,2026-03-07 09:07:53+00:00,2026-03-07 09:00:00+00:00
484160,KLM45H,1772866943,1772874444,EHAM,LEMD,2026-03-07 09:07:24+00:00,2026-03-07 09:00:00+00:00
345543,ANE83ZY,1772870943,1772874353,LFBO,LEMD,2026-03-07 09:05:53+00:00,2026-03-07 09:00:00+00:00
34368c,ANE71KA,1772871863,1772874235,,LEMD,2026-03-07 09:03:55+00:00,2026-03-07 09:00:00+00:00
347247,IBS1692,1772871790,1772874167,LEIB,LEMD,2026-03-07 09:02:47+00:00,2026-03-07 09:00:00+00:00
3455c1,IBE0270,1772840990,1772874050,SBGL,LEMD,2026-03-07 09:00:50+00:00,2026-03-07 09:00:00+00:00
345385,ANE91VV,1772871480,1772873861,LEAL,LEMD,2026-03-07 08:57:41+00:00,2026-03-07 08:00:00+00:00
345583,ANE1316,1772865655,1772873505,EDDM,LEMD,2026-03-07 08:51:45+00:00,2026-03-07 08:00:00+00:00
34628d,IBE0152,1772797878,1772873415,LEMD,LEMD,2026-03-07 08:50:15+00:00,2026-03-07 08:00:00+00:00
34224e,IBE06VH,1772867272,1772873359,LIML,LEMD,2026-03-07 08:49:19+00:00,2026-03-07 08:00:00+00:00
440db0,EJU87AF,1772870207,1772873291,LPPT,LEMD,2026-03-07 08:48:11+00:00,2026-03-07 08:00:00+00:00
34324e,IBE07WM,1772864233,1772873177,LOWW,LEMD,2026-03-07 08:46:17+00:00,2026-03-07 08:00:00+00:00
346316,IBE07FP,1772864056,1772873078,EDDH,LEMD,2026-03-07 08:44:38+00:00,2026-03-07 08:00:00+00:00
3443d2,VLG1006,1772870026,1772872944,LEBL,LEMD,2026-03-07 08:42:24+00:00,2026-03-07 08:00:00+00:00
342211,IBE06LP,1772865909,1772872855,LIRF,LEMD,2026-03-07 08:40:55+00:00,2026-03-07 08:00:00+00:00
345318,IBE03DC,1772849332,1772872808,KJFK,LEMD,2026-03-07 08:40:08+00:00,2026-03-07 08:00:00+00:00
34608e,IBE07SR,1772865365,1772872759,EHAM,LEMD,2026-03-07 08:39:19+00:00,2026-03-07 08:00:00+00:00
34750a,AEA12FW,1772869359,1772872678,LECO,LEMD,2026-03-07 08:37:58+00:00,2026-03-07 08:00:00+00:00
342090,IBS18KM,1772863528,1772872588,EDDB,LEMD,2026-03-07 08:36:28+00:00,2026-03-07 08:00:00+00:00
4ca836,EIN59K,1772864714,1772872576,EIDW,LEMD,2026-03-07 08:36:16+00:00,2026-03-07 08:00:00+00:00
4ba9cd,THY1PV,1772860239,1772872467,LTFM,LEMD,2026-03-07 08:34:27+00:00,2026-03-07 08:00:00+00:00
346083,AEA7311,1772869501,1772872455,LEVX,LEMD,2026-03-07 08:34:15+00:00,2026-03-07 08:00:00+00:00
344487,AEA9018,1772864944,1772872374,,LEMD,2026-03-07 08:32:54+00:00,2026-03-07 08:00:00+00:00
3445d4,IBE0840,1772861045,1772872341,LGAV,LEMD,2026-03-07 08:32:21+00:00,2026-03-07 08:00:00+00:00
3420cc,IBE06FK,1772864967,1772872224,LSZH,LEMD,2026-03-07 08:30:24+00:00,2026-03-07 08:00:00+00:00
344216,AEA36MM,1772869335,1772872199,LPPR,LEMD,2026-03-07 08:29:59+00:00,2026-03-07 08:00:00+00:00
4d2383,RYR99DT,1772869564,1772872063,LEIB,LEMD,2026-03-07 08:27:43+00:00,2026-03-07 08:00:00+00:00
347309,AEA72BT,1772869290,1772872033,LEMG,LEMD,2026-03-07 08:27:13+00:00,2026-03-07 08:00:00+00:00
4081a1,BAW456,1772864893,1772871890,EGLL,LEMD,2026-03-07 08:24:50+00:00,2026-03-07 08:00:00+00:00
346082,AEA68WR,1772869218,1772871733,,LEMD,2026-03-07 08:22:13+00:00,2026-03-07 08:00:00+00:00
345084,VLG1494,1772865479,1772871733,LIRQ,LEMD,2026-03-07 08:22:13+00:00,2026-03-07 08:00:00+00:00
4952c4,TAP10MD,1772868289,1772871649,LPPT,LEMD,2026-03-07 08:20:49+00:00,2026-03-07 08:00:00+00:00
471f70,WZZ6973,1772860652,1772871594,EPGD,LEMD,2026-03-07 08:19:54+00:00,2026-03-07 08:00:00+00:00
3453d3,ANE1244,1772864889,1772871496,LIPE,LEMD,2026-03-07 08:18:16+00:00,2026-03-07 08:00:00+00:00
48c2ae,RYR80CD,1772862658,1772871478,EGPH,LEMD,2026-03-07 08:17:58+00:00,2026-03-07 08:00:00+00:00
4ca9ea,RYR2GP,1772863987,1772871358,EINN,LEMD,2026-03-07 08:15:58+00:00,2026-03-07 08:00:00+00:00
4d20ff,WMT4600,1772859343,1772871353,LROP,LEMD,2026-03-07 08:15:53+00:00,2026-03-07 08:00:00+00:00
4d2387,RYR619N,1772861167,1772871208,EKCH,LEMD,2026-03-07 08:13:28+00:00,2026-03-07 08:00:00+00:00
4cad2b,RYR95HU,1772863535,1772871156,EIDW,LEMD,2026-03-07 08:12:36+00:00,2026-03-07 08:00:00+00:00
4cafc1,RYR8ZR,1772867760,1772871075,LEPA,LEMD,2026-03-07 08:11:15+00:00,2026-03-07 08:00:00+00:00
aa944a,AAL36,1772840233,1772871016,KDFW,LEMD,2026-03-07 08:10:16+00:00,2026-03-07 08:00:00+00:00
345691,IBE05YZ,1772865355,1772870908,LFPO,LEMD,2026-03-07 08:08:28+00:00,2026-03-07 08:00:00+00:00
4cafd3,RYR3877,1772867492,1772870846,GMTT,LEMD,2026-03-07 08:07:26+00:00,2026-03-07 08:00:00+00:00
4b19ef,SWR8YH,1772863697,1772870773,LSZH,LEMD,2026-03-07 08:06:13+00:00,2026-03-07 08:00:00+00:00
4d24d5,WMT654,1772864418,1772870665,LIMC,LEMD,2026-03-07 08:04:25+00:00,2026-03-07 08:00:00+00:00
344446,AEA6012,1772867314,1772870600,LEPA,LEMD,2026-03-07 08:03:20+00:00,2026-03-07 08:00:00+00:00
ab10cb,AAL740,1772847356,1772870489,KPHL,LEMD,2026-03-07 08:01:29+00:00,2026-03-07 08:00:00+00:00
4d20b1,WZZ23DC,1772860920,1772870421,EPWR,LEMD,2026-03-07 08:00:21+00:00,2026-03-07 08:00:00+00:00
34660b,IBE06EW,1772863541,1772870301,EBMB,LEMD,2026-03-07 07:58:21+00:00,2026-03-07 07:00:00+00:00
344197,ANE1332,1772862906,1772870155,EDDF,LEMD,2026-03-07 07:55:55+00:00,2026-03-07 07:00:00+00:00
a92dfc,UAL51,1772846879,1772870055,KEWR,LEMD,2026-03-07 07:54:15+00:00,2026-03-07 07:00:00+00:00
34250a,IBE05DV,1772864317,1772869968,LFPG,LEMD,2026-03-07 07:52:48+00:00,2026-03-07 07:00:00+00:00
39e695,AFR31WT,1772863893,1772869783,LFPG,LEMD,2026-03-07 07:49:43+00:00,2026-03-07 07:00:00+00:00
48c1a1,RYR8050,1772866481,1772869668,LPFR,LEMD,2026-03-07 07:47:48+00:00,2026-03-07 07:00:00+00:00
4d222b,RYR1782,1772860333,1772869494,EDDB,LEMD,2026-03-07 07:44:54+00:00,2026-03-07 07:00:00+00:00
342210,IBE07KD,1772861770,1772869228,EDDL,LEMD,2026-03-07 07:40:28+00:00,2026-03-07 07:00:00+00:00
e80450,LAN708,1772825297,1772869180,SCEL,LEMD,2026-03-07 07:39:40+00:00,2026-03-07 07:00:00+00:00
aabf87,AVA182,1772843763,1772868949,,LEMD,2026-03-07 07:35:49+00:00,2026-03-07 07:00:00+00:00
3420cb,IBE09ZF,1772861646,1772868869,,LEMD,2026-03-07 07:34:29+00:00,2026-03-07 07:00:00+00:00
a8f762,N677T,1772834867,1772868823,KVNY,LEMD,2026-03-07 07:33:43+00:00,2026-03-07 07:00:00+00:00
4d21fd,RYR63KL,1772862767,1772868718,LIMC,LEMD,2026-03-07 07:31:58+00:00,2026-03-07 07:00:00+00:00
aab202,AAL94,1772845582,1772868711,KJFK,LEMD,2026-03-07 07:31:51+00:00,2026-03-07 07:00:00+00:00
48c225,RYR96SV,1772859124,1772868597,LHBP,LEMD,2026-03-07 07:29:57+00:00,2026-03-07 07:00:00+00:00
347288,IBE05BT,1772865555,1772868537,LPPT,LEMD,2026-03-07 07:28:57+00:00,2026-03-07 07:00:00+00:00
4ca56c,RYR9494,1772862585,1772868417,LIRP,LEMD,2026-03-07 07:26:57+00:00,2026-03-07 07:00:00+00:00
347453,IBE06RR,1772861217,1772868149,LIPZ,LEMD,2026-03-07 07:22:29+00:00,2026-03-07 07:00:00+00:00
344416,IBS1632,1772860581,1772868065,,LEMD,2026-03-07 07:21:05+00:00,2026-03-07 07:00:00+00:00
344346,IBE03PP,1772838615,1772867810,KMCO,LEMD,2026-03-07 07:16:50+00:00,2026-03-07 07:00:00+00:00
3451da,ANE10CM,1772864073,1772867669,,LEMD,2026-03-07 07:14:29+00:00,2026-03-07 07:00:00+00:00
4d22a0,LER2920,1772841539,1772867657,,LEMD,2026-03-07 07:14:17+00:00,2026-03-07 07:00:00+00:00
4d20fb,WMT7EB,1772860268,1772867545,LIPZ,LEMD,2026-03-07 07:12:25+00:00,2026-03-07 07:00:00+00:00
344417,IBE04DW,1772864549,1772867369,LEBL,LEMD,2026-03-07 07:09:29+00:00,2026-03-07 07:00:00+00:00
48c226,RYR4JG,1772864493,1772867206,LPPR,LEMD,2026-03-07 07:06:46+00:00,2026-03-07 07:00:00+00:00
344218,ANE63YF,1772862552,1772867159,,LEMD,2026-03-07 07:05:59+00:00,2026-03-07 07:00:00+00:00
4d2382,RYR32DR,1772858403,1772866889,LMML,LEMD,2026-03-07 07:01:29+00:00,2026-03-07 07:00:00+00:00
4b1a66,EJU46BT,1772860693,1772866749,LSZM,LEMD,2026-03-07 06:59:09+00:00,2026-03-07 06:00:00+00:00
4d24d8,WMT3924,1772860012,1772866525,LIRF,LEMD,2026-03-07 06:55:25+00:00,2026-03-07 06:00:00+00:00
345698,ANE1186,1772861527,1772866325,LFLL,LEMD,2026-03-07 06:52:05+00:00,2026-03-07 06:00:00+00:00
344449,IBE04GG,1772863313,1772865951,LEVX,LEMD,2026-03-07 06:45:51+00:00,2026-03-07 06:00:00+00:00
347344,IBE0442,1772863546,1772865869,,LEMD,2026-03-07 06:44:29+00:00,2026-03-07 06:00:00+00:00
7815d9,CBJ605,1772828667,1772865772,,LEMD,2026-03-07 06:42:52+00:00,2026-03-07 06:00:00+00:00
e4998a,PSRDR,1772841215,1772865592,KPHL,LEMD,2026-03-07 06:39:52+00:00,2026-03-07 06:00:00+00:00
344648,IBE0486,1772862789,1772865475,LEAS,LEMD,2026-03-07 06:37:55+00:00,2026-03-07 06:00:00+00:00
3475d5,IBE06AV,1772860193,1772865416,LSGG,LEMD,2026-03-07 06:36:56+00:00,2026-03-07 06:00:00+00:00
3452c8,ANE1174,1772861049,1772865290,LFML,LEMD,2026-03-07 06:34:50+00:00,2026-03-07 06:00:00+00:00
341682,IBS1680,1772861735,1772865029,LEPA,LEMD,2026-03-07 06:30:29+00:00,2026-03-07 06:00:00+00:00
347308,SWT180P,1772861612,1772864893,LFBO,LEMD,2026-03-07 06:28:13+00:00,2026-03-07 06:00:00+00:00
781de5,CES709,1772828980,1772864729,,LEMD,2026-03-07 06:25:29+00:00,2026-03-07 06:00:00+00:00
34604e,IBE03SV,1772836753,1772864657,KMIA,LEMD,2026-03-07 06:24:17+00:00,2026-03-07 06:00:00+00:00
ab84ab,DAL126,1772841577,1772864458,KJFK,LEMD,2026-03-07 06:20:58+00:00,2026-03-07 06:00:00+00:00
348395,IBE03LG,1772836512,1772864335,TJSJ,LEMD,2026-03-07 06:18:55+00:00,2026-03-07 06:00:00+00:00
344297,AEA5032,1772860880,1772863647,LEMG,LEMD,2026-03-07 06:07:27+00:00,2026-03-07 06:00:00+00:00
347459,IBE0266,1772836987,1772863379,,LEMD,2026-03-07 06:02:59+00:00,2026-03-07 06:00:00+00:00
4d2470,SVA929,1772798215,1772863151,VHHH,LEMD,2026-03-07 05:59:11+00:00,2026-03-07 05:00:00+00:00
3c5428,BCS10K,1772854257,1772862724,EDDP,LEMD,2026-03-07 05:52:04+00:00,2026-03-07 05:00:00+00:00
343694,ANE1084,1772860738,1772862567,LEVC,LEMD,2026-03-07 05:49:27+00:00,2026-03-07 05:00:00+00:00
780d8f,CAO8439,1772853026,1772859865,EBLG,LEMD,2026-03-07 05:04:25+00:00,2026-03-07 05:00:00+00:00
440bce,BCS3WP,1772852378,1772859764,EGNX,LEMD,2026-03-07 05:02:44+00:00,2026-03-07 05:00:00+00:00
406d69,NPT734P,1772852038,1772859619,EGNX,LEMD,2026-03-07 05:00:19+00:00,2026-03-07 05:00:00+00:00
aa8315,AAL68,1772830957,1772859445,KMIA,LEMD,2026-03-07 04:57:25+00:00,2026-03-07 04:00:00+00:00
347659,IBE0304,1772824091,1772859265,MMMX,LEMD,2026-03-07 04:54:25+00:00,2026-03-07 04:00:00+00:00
34520b,IBE0170,1772821917,1772858605,,LEMD,2026-03-07 04:43:25+00:00,2026-03-07 04:00:00+00:00
348547,IBE0140,1772850876,1772858411,,LEMD,2026-03-07 04:40:11+00:00,2026-03-07 04:00:00+00:00
346146,IBE0102,1772818684,1772858022,SAEZ,LEMD,2026-03-07 04:33:42+00:00,2026-03-07 04:00:00+00:00
aac337,AAL748,1772831063,1772857765,KCLT,LEMD,2026-03-07 04:29:25+00:00,2026-03-07 04:00:00+00:00
34520f,IBE0268,1772823651,1772857619,,LEMD,2026-03-07 04:26:59+00:00,2026-03-07 04:00:00+00:00
347388,IBE0118,1772848743,1772857348,,LEMD,2026-03-07 04:22:28+00:00,2026-03-07 04:00:00+00:00
040123,ETH740,1772795896,1772856803,VGZR,LEMD,2026-03-07 04:13:23+00:00,2026-03-07 04:00:00+00:00
347386,IBE0124,1772822473,1772856046,,LEMD,2026-03-07 04:00:46+00:00,2026-03-07 04:00:00+00:00
3483c9,IBE0156,1772848906,1772855817,,LEMD,2026-03-07 03:56:57+00:00,2026-03-07 03:00:00+00:00
4ba9fa,THY6447,1772842674,1772854791,LTFM,LEMD,2026-03-07 03:39:51+00:00,2026-03-07 03:00:00+00:00
3c542c,BCS7CK,1772849030,1772854547,LIMC,LEMD,2026-03-07 03:35:47+00:00,2026-03-07 03:00:00+00:00
aa104e,AMX036,1772820663,1772854407,,LEMD,2026-03-07 03:33:27+00:00,2026-03-07 03:00:00+00:00
346310,AEA176,1772818624,1772854212,,LEMD,2026-03-07 03:30:12+00:00,2026-03-07 03:00:00+00:00
3482d6,AEA058,1772821882,1772854095,,LEMD,2026-03-07 03:28:15+00:00,2026-03-07 03:00:00+00:00
34558f,AEA024,1772817079,1772853265,,LEMD,2026-03-07 03:14:25+00:00,2026-03-07 03:00:00+00:00
347692,AEA042,1772813583,1772853085,SAEZ,LEMD,2026-03-07 03:11:25+00:00,2026-03-07 03:00:00+00:00
3450d8,AEA040,1772760262,1772852766,LEMD,LEMD,2026-03-07 03:06:06+00:00,2026-03-07 03:00:00+00:00
aace63,AVA026,1772824540,1772852455,,LEMD,2026-03-07 03:00:55+00:00,2026-03-07 03:00:00+00:00
345292,SWT770P,1772846024,1772852006,LIMC,LEMD,2026-03-07 02:53:26+00:00,2026-03-07 02:00:00+00:00
342059,IBE0922,1772837322,1772850974,GOBD,LEMD,2026-03-07 02:36:14+00:00,2026-03-07 02:00:00+00:00
3e2274,PAV691,1772842505,1772850244,EGBB,LEMD,2026-03-07 02:24:04+00:00,2026-03-07 02:00:00+00:00
463777,FSF857U,1772839246,1772848226,LFPB,LEMD,2026-03-07 01:50:26+00:00,2026-03-07 01:00:00+00:00
3455d5,IBE0278,1772809308,1772843114,SBGL,LEMD,2026-03-07 00:25:14+00:00,2026-03-07 00:00:00+00:00
346204,IBE1402,1772840013,1772842643,LEVX,LEMD,2026-03-07 00:17:23+00:00,2026-03-07 00:00:00+00:00
347646,IBB9902,1772834921,1772842438,,LEMD,2026-03-07 00:13:58+00:00,2026-03-07 00:00:00+00:00
