icao24,callsign,first_seen_unix,last_seen_unix,departure_airport_icao,arrival_airport_icao,observed_departure_time_utc,observed_departure_hour_utc
896116,UAE2X,1772926563,1772945014,LEBL,,2026-03-07 23:36:03+00:00,2026-03-07 23:00:00+00:00
4ba890,THY6402,1772924116,1772934225,LEBL,LTFM,2026-03-07 22:55:16+00:00,2026-03-07 22:00:00+00:00
3e232e,PAV621,1772922110,1772925270,LEBL,LEMD,2026-03-07 22:21:50+00:00,2026-03-07 22:00:00+00:00
4ca226,RYR5328,1772920074,1772927717,LEBL,EGPH,2026-03-07 21:47:54+00:00,2026-03-07 21:00:00+00:00
4ca763,RYR5CF,1772918964,1772923363,LEBL,LEMG,2026-03-07 21:29:24+00:00,2026-03-07 21:00:00+00:00
348203,VLG57U,1772918785,1772923150,LEBL,LEZL,2026-03-07 21:26:25+00:00,2026-03-07 21:00:00+00:00
343194,VLG35C,1772918388,1772923304,LEBL,LPPR,2026-03-07 21:19:48+00:00,2026-03-07 21:00:00+00:00
4caa5c,RYR77SW,1772917814,1772922283,LEBL,LIRF,2026-03-07 21:10:14+00:00,2026-03-07 21:00:00+00:00
345108,VLG89PG,1772917675,1772919295,LEBL,LEPA,2026-03-07 21:07:55+00:00,2026-03-07 21:00:00+00:00
345215,AEA27YK,1772917553,1772919161,LEBL,LEPA,2026-03-07 21:05:53+00:00,2026-03-07 21:00:00+00:00
4d20bd,WMT422,1772917260,1772921810,LEBL,LIRF,2026-03-07 21:01:00+00:00,2026-03-07 21:00:00+00:00
4ca84a,RYR8FB,1772916886,1772923203,LEBL,EGBB,2026-03-07 20:54:46+00:00,2026-03-07 20:00:00+00:00
3424d2,VLG2PA,1772916739,1772918729,LEBL,,2026-03-07 20:52:19+00:00,2026-03-07 20:00:00+00:00
48c233,RYR35ZF,1772916356,1772923322,LEBL,LKPR,2026-03-07 20:45:56+00:00,2026-03-07 20:00:00+00:00
44ce6e,BEL7JN,1772916254,1772921856,LEBL,EBBR,2026-03-07 20:44:14+00:00,2026-03-07 20:00:00+00:00
471db7,WMT7050,1772916183,1772924703,LEBL,,2026-03-07 20:43:03+00:00,2026-03-07 20:00:00+00:00
345107,VLG7MQ,1772915974,1772918827,LEBL,LEAL,2026-03-07 20:39:34+00:00,2026-03-07 20:00:00+00:00
4952ca,TAP39PT,1772915717,1772920991,LEBL,LPPT,2026-03-07 20:35:17+00:00,2026-03-07 20:00:00+00:00
4ca813,RYR7NQ,1772915620,1772919914,LEBL,LIPE,2026-03-07 20:33:40+00:00,2026-03-07 20:00:00+00:00
471f78,WMT661,1772915485,1772924709,LEBL,LRBS,2026-03-07 20:31:25+00:00,2026-03-07 20:00:00+00:00
3445d4,IBE04FB,1772915366,1772918222,LEBL,LEMD,2026-03-07 20:29:26+00:00,2026-03-07 20:00:00+00:00
4ca570,RYR1MW,1772915019,1772916715,LEBL,LEIB,2026-03-07 20:23:39+00:00,2026-03-07 20:00:00+00:00
39de42,TVF40EA,1772914792,1772919540,LEBL,LFPO,2026-03-07 20:19:52+00:00,2026-03-07 20:00:00+00:00
4d227c,RYR8LC,1772914623,1772919869,LEBL,LPPT,2026-03-07 20:17:03+00:00,2026-03-07 20:00:00+00:00
345643,VLG1670,1772914542,1772918905,LEBL,,2026-03-07 20:15:42+00:00,2026-03-07 20:00:00+00:00
4d2535,WZZ65,1772914473,1772922222,LEBL,LHBP,2026-03-07 20:14:33+00:00,2026-03-07 20:00:00+00:00
3451d5,VLG9LM,1772914368,1772916569,LEBL,,2026-03-07 20:12:48+00:00,2026-03-07 20:00:00+00:00
4d225c,RYR4EK,1772913780,1772919248,LEBL,LIPQ,2026-03-07 20:03:00+00:00,2026-03-07 20:00:00+00:00
4cafc4,RYR91AY,1772913483,1772918241,LEBL,LPPR,2026-03-07 19:58:03+00:00,2026-03-07 19:00:00+00:00
346355,VLG1PP,1772913394,1772917758,LEBL,LECO,2026-03-07 19:56:34+00:00,2026-03-07 19:00:00+00:00
34768e,VLG3006,1772913327,1772922614,LEBL,,2026-03-07 19:55:27+00:00,2026-03-07 19:00:00+00:00
400980,BAW491U,1772913158,1772919004,LEBL,EGLL,2026-03-07 19:52:38+00:00,2026-03-07 19:00:00+00:00
345043,VLG6MU,1772912790,1772914400,LEBL,,2026-03-07 19:46:30+00:00,2026-03-07 19:00:00+00:00
347348,AEA7708,1772912311,1772915158,LEBL,LEMD,2026-03-07 19:38:31+00:00,2026-03-07 19:00:00+00:00
4ca251,RYR9581,1772912171,1772916292,LEBL,LEZL,2026-03-07 19:36:11+00:00,2026-03-07 19:00:00+00:00
3472c4,VLG53UG,1772912013,1772916166,LEBL,,2026-03-07 19:33:33+00:00,2026-03-07 19:00:00+00:00
34768f,VLG8008,1772911921,1772916455,LEBL,LFPO,2026-03-07 19:32:01+00:00,2026-03-07 19:00:00+00:00
4d223f,RYR71QT,1772911830,1772916918,LEBL,LIPZ,2026-03-07 19:30:30+00:00,2026-03-07 19:00:00+00:00
398604,AFR1049,1772911680,1772916609,LEBL,LFPG,2026-03-07 19:28:00+00:00,2026-03-07 19:00:00+00:00
4b1a25,EJU17FL,1772911531,1772915651,LEBL,LSGG,2026-03-07 19:25:31+00:00,2026-03-07 19:00:00+00:00
348508,VLG30TC,1772911285,1772914734,LEBL,LEGA,2026-03-07 19:21:25+00:00,2026-03-07 19:00:00+00:00
4d22ae,RYR60RW,1772911144,1772918089,LEBL,LOWW,2026-03-07 19:19:04+00:00,2026-03-07 19:00:00+00:00
4d220c,RYR6592,1772910935,1772918032,LEBL,EGSS,2026-03-07 19:15:35+00:00,2026-03-07 19:00:00+00:00
348206,VLG4LP,1772910829,1772915804,LEBL,LPPT,2026-03-07 19:13:49+00:00,2026-03-07 19:00:00+00:00
4d2527,WZZ118,1772910734,1772919283,LEBL,LBSF,2026-03-07 19:12:14+00:00,2026-03-07 19:00:00+00:00
471f6f,WMT594,1772910640,1772916646,LEBL,,2026-03-07 19:10:40+00:00,2026-03-07 19:00:00+00:00
345645,VLG53FH,1772910559,1772920318,LEBL,,2026-03-07 19:09:19+00:00,2026-03-07 19:00:00+00:00
343386,VLG29HW,1772910440,1772914228,LEBL,LFRS,2026-03-07 19:07:20+00:00,2026-03-07 19:00:00+00:00
342396,VLG17FF,1772910331,1772915237,LEBL,LIRN,2026-03-07 19:05:31+00:00,2026-03-07 19:00:00+00:00
4b1815,SWR9VE,1772909975,1772915186,LEBL,LSZH,2026-03-07 18:59:35+00:00,2026-03-07 18:00:00+00:00
346692,VLG7MZ,1772909893,1772911435,LEBL,,2026-03-07 18:58:13+00:00,2026-03-07 18:00:00+00:00
4cae55,RYR90VA,1772909471,1772917064,LEBL,EDDB,2026-03-07 18:51:11+00:00,2026-03-07 18:00:00+00:00
39de46,TVF4757,1772909371,1772914032,LEBL,LFPO,2026-03-07 18:49:31+00:00,2026-03-07 18:00:00+00:00
345207,VLG8UN,1772909040,1772913536,LEBL,LIMC,2026-03-07 18:44:00+00:00,2026-03-07 18:00:00+00:00
345204,VLG80ZD,1772908795,1772914064,LEBL,LIPZ,2026-03-07 18:39:55+00:00,2026-03-07 18:00:00+00:00
0201c0,RAM961U,1772908646,1772914012,LEBL,,2026-03-07 18:37:26+00:00,2026-03-07 18:00:00+00:00
4d2209,RYR7217,1772908565,1772915483,LEBL,EGCC,2026-03-07 18:36:05+00:00,2026-03-07 18:00:00+00:00
407d75,BAW487E,1772908470,1772914131,LEBL,EGLL,2026-03-07 18:34:30+00:00,2026-03-07 18:00:00+00:00
34535a,VLG6EP,1772908350,1772912847,LEBL,LFPO,2026-03-07 18:32:30+00:00,2026-03-07 18:00:00+00:00
4cadd9,SAS51B,1772908239,1772917014,LEBL,EKCH,2026-03-07 18:30:39+00:00,2026-03-07 18:00:00+00:00
4d2247,RYR43JR,1772908172,1772912271,LEBL,GMMW,2026-03-07 18:29:32+00:00,2026-03-07 18:00:00+00:00
34744c,VLG7SY,1772908050,1772913113,LEBL,LFPG,2026-03-07 18:27:30+00:00,2026-03-07 18:00:00+00:00
3e1a54,PAV641,1772907697,1772910688,LEBL,LEMD,2026-03-07 18:21:37+00:00,2026-03-07 18:00:00+00:00
4bb1a2,THY31K,1772907603,1772939787,LEBL,KATL,2026-03-07 18:20:03+00:00,2026-03-07 18:00:00+00:00
4d2453,WZZ96WV,1772907512,1772917281,LEBL,EPWA,2026-03-07 18:18:32+00:00,2026-03-07 18:00:00+00:00
39bb22,AFR1549,1772907422,1772912278,LEBL,LFPG,2026-03-07 18:17:02+00:00,2026-03-07 18:00:00+00:00
3444d1,VLG5SV,1772907317,1772912158,LEBL,LSZH,2026-03-07 18:15:17+00:00,2026-03-07 18:00:00+00:00
0a0028,DAH2015,1772907220,1772909248,LEBL,,2026-03-07 18:13:40+00:00,2026-03-07 18:00:00+00:00
4d24ea,RYR97MM,1772907130,1772913285,LEBL,EGBB,2026-03-07 18:12:10+00:00,2026-03-07 18:00:00+00:00
471dbf,WZZ42ZQ,1772907036,1772915509,LEBL,EPKT,2026-03-07 18:10:36+00:00,2026-03-07 18:00:00+00:00
346690,VLG17JZ,1772906773,1772912609,LEBL,EBBR,2026-03-07 18:06:13+00:00,2026-03-07 18:00:00+00:00
342592,VLG3CL,1772906385,1772912006,LEBL,EGKK,2026-03-07 17:59:45+00:00,2026-03-07 17:00:00+00:00
345215,AEA37UJ,1772906233,1772907686,LEBL,LEPA,2026-03-07 17:57:13+00:00,2026-03-07 17:00:00+00:00
46b828,AEE713,1772906135,1772914511,LEBL,LGAV,2026-03-07 17:55:35+00:00,2026-03-07 17:00:00+00:00
345101,VLG17ET,1772906048,1772910245,LEBL,LIQL,2026-03-07 17:54:08+00:00,2026-03-07 17:00:00+00:00
3c6743,DLH55M,1772905960,1772911850,LEBL,EDDF,2026-03-07 17:52:40+00:00,2026-03-07 17:00:00+00:00
3475d3,LVL27DQ,1772905857,1772935428,LEBL,KJFK,2026-03-07 17:50:57+00:00,2026-03-07 17:00:00+00:00
4bb1ed,THY39J,1772905740,1772915788,LEBL,LTFM,2026-03-07 17:49:00+00:00,2026-03-07 17:00:00+00:00
344645,VLG89ZK,1772905657,1772911888,LEBL,EGLL,2026-03-07 17:47:37+00:00,2026-03-07 17:00:00+00:00
4cac56,RYR85FM,1772905362,1772913536,LEBL,EPKK,2026-03-07 17:42:42+00:00,2026-03-07 17:00:00+00:00
495037,TAP37CN,1772905246,1772910890,LEBL,LPPT,2026-03-07 17:40:46+00:00,2026-03-07 17:00:00+00:00
345359,VLG1TR,1772905203,1772911738,LEBL,EHAM,2026-03-07 17:40:03+00:00,2026-03-07 17:00:00+00:00
346147,IBE04FE,1772905113,1772907863,LEBL,LEMD,2026-03-07 17:38:33+00:00,2026-03-07 17:00:00+00:00
3480cc,LVL25DU,1772905010,1772932812,LEBL,KBOS,2026-03-07 17:36:50+00:00,2026-03-07 17:00:00+00:00
440484,EJU95PF,1772904908,1772911207,LEBL,EGGD,2026-03-07 17:35:08+00:00,2026-03-07 17:00:00+00:00
4d24ca,RYR27CN,1772904821,1772909985,LEBL,LIPZ,2026-03-07 17:33:41+00:00,2026-03-07 17:00:00+00:00
440625,EJU67RK,1772904691,1772909060,LEBL,LIMC,2026-03-07 17:31:31+00:00,2026-03-07 17:00:00+00:00
4ca8e4,RYR40DM,1772904618,1772909128,LEBL,LIRF,2026-03-07 17:30:18+00:00,2026-03-07 17:00:00+00:00
4867c4,KLM16K,1772904515,1772910612,LEBL,EHAM,2026-03-07 17:28:35+00:00,2026-03-07 17:00:00+00:00
3444ca,VLG4DM,1772904307,1772905915,LEBL,,2026-03-07 17:25:07+00:00,2026-03-07 17:00:00+00:00
3c66a6,DLH96J,1772904259,1772910397,LEBL,EDDM,2026-03-07 17:24:19+00:00,2026-03-07 17:00:00+00:00
347658,VLG1NU,1772904179,1772908910,LEBL,LIRF,2026-03-07 17:22:59+00:00,2026-03-07 17:00:00+00:00
4ca226,RYR6RU,1772904010,1772908429,LEBL,LIME,2026-03-07 17:20:10+00:00,2026-03-07 17:00:00+00:00
342398,VLG9VT,1772903822,1772909682,LEBL,EDDM,2026-03-07 17:17:02+00:00,2026-03-07 17:00:00+00:00
4cad12,RYR45JL,1772903739,1772910171,LEBL,EBBR,2026-03-07 17:15:39+00:00,2026-03-07 17:00:00+00:00
440018,EJU93YM,1772903644,1772909399,LEBL,EGKK,2026-03-07 17:14:04+00:00,2026-03-07 17:00:00+00:00
4405b6,EJU78GC,1772903586,1772908667,LEBL,LSZM,2026-03-07 17:13:06+00:00,2026-03-07 17:00:00+00:00
34538d,VLG9AZ,1772903432,1772911328,LEBL,EDDB,2026-03-07 17:10:32+00:00,2026-03-07 17:00:00+00:00
344699,VLG8654,1772903326,1772910629,LEBL,LKPR,2026-03-07 17:08:46+00:00,2026-03-07 17:00:00+00:00
48c12f,RYR200W,1772903200,1772910371,LEBL,EIDW,2026-03-07 17:06:40+00:00,2026-03-07 17:00:00+00:00
3444da,VLG77RP,1772903113,1772907487,LEBL,LEZL,2026-03-07 17:05:13+00:00,2026-03-07 17:00:00+00:00
345116,VLG31CD,1772903020,1772904476,LEBL,,2026-03-07 17:03:40+00:00,2026-03-07 17:00:00+00:00
4d221a,RYR3146,1772902290,1772906566,LEBL,,2026-03-07 16:51:30+00:00,2026-03-07 16:00:00+00:00
4080e0,BAW485G,1772902116,1772908129,LEBL,EGLL,2026-03-07 16:48:36+00:00,2026-03-07 16:00:00+00:00
345212,VLG82VL,1772902027,1772905939,LEBL,LFLL,2026-03-07 16:47:07+00:00,2026-03-07 16:00:00+00:00
4692d7,AEE561,1772901914,1772910118,LEBL,LGTS,2026-03-07 16:45:14+00:00,2026-03-07 16:00:00+00:00
344445,EVE7613,1772901724,1772905161,LEBL,LEAM,2026-03-07 16:42:04+00:00,2026-03-07 16:00:00+00:00
34744d,VLG7894,1772901519,1772912737,LEBL,,2026-03-07 16:38:39+00:00,2026-03-07 16:00:00+00:00
345043,VLG8ME,1772901405,1772902933,LEBL,LEPA,2026-03-07 16:36:45+00:00,2026-03-07 16:00:00+00:00
345042,VLG9NH,1772901280,1772910231,LEBL,,2026-03-07 16:34:40+00:00,2026-03-07 16:00:00+00:00
344158,VLG6NM,1772901211,1772909905,LEBL,LGAV,2026-03-07 16:33:31+00:00,2026-03-07 16:00:00+00:00
3c66eb,DLH99Y,1772901103,1772907381,LEBL,EDDF,2026-03-07 16:31:43+00:00,2026-03-07 16:00:00+00:00
34560d,VLG12DB,1772900970,1772906633,LEBL,EGKK,2026-03-07 16:29:30+00:00,2026-03-07 16:00:00+00:00
4ca622,RYR7543,1772900906,1772907654,LEBL,EGCC,2026-03-07 16:28:26+00:00,2026-03-07 16:00:00+00:00
4cae8f,RYR36LR,1772900501,1772906777,LEBL,LMML,2026-03-07 16:21:41+00:00,2026-03-07 16:00:00+00:00
343194,VLG97QX,1772900430,1772904539,LEBL,LEVX,2026-03-07 16:20:30+00:00,2026-03-07 16:00:00+00:00
4d2368,RYR7169,1772900377,1772906969,LEBL,EGSS,2026-03-07 16:19:37+00:00,2026-03-07 16:00:00+00:00
342582,VLG1LH,1772900288,1772904474,LEBL,LEMG,2026-03-07 16:18:08+00:00,2026-03-07 16:00:00+00:00
4cadf6,RYR6CV,1772900166,1772904489,LEBL,LEZL,2026-03-07 16:16:06+00:00,2026-03-07 16:00:00+00:00
4d2092,WMT5EE,1772899650,1772905101,LEBL,LIPZ,2026-03-07 16:07:30+00:00,2026-03-07 16:00:00+00:00
4ca759,ITY079,1772899567,1772904449,LEBL,LIRF,2026-03-07 16:06:07+00:00,2026-03-07 16:00:00+00:00
4ca570,RYR605G,1772899508,1772903939,LEBL,LIMC,2026-03-07 16:05:08+00:00,2026-03-07 16:00:00+00:00
346691,VLG2474,1772899417,1772922997,LEBL,LEBL,2026-03-07 16:03:37+00:00,2026-03-07 16:00:00+00:00
343386,VLG65PB,1772899151,1772900788,LEBL,LEPA,2026-03-07 15:59:11+00:00,2026-03-07 15:00:00+00:00
3424d1,VLG95JZ,1772898573,1772899751,LEBL,,2026-03-07 15:49:33+00:00,2026-03-07 15:00:00+00:00
0101b2,NIA6602,1772898520,1772907522,LEBL,,2026-03-07 15:48:40+00:00,2026-03-07 15:00:00+00:00
346355,VLG1BX,1772898240,1772901437,LEBL,,2026-03-07 15:44:00+00:00,2026-03-07 15:00:00+00:00
4ca566,RYR90MP,1772897649,1772906026,LEBL,LBSF,2026-03-07 15:34:09+00:00,2026-03-07 15:00:00+00:00
5140e4,GEL1703,1772897521,1772913609,LEBL,UGTB,2026-03-07 15:32:01+00:00,2026-03-07 15:00:00+00:00
345249,VLG4FQ,1772897480,1772902312,LEBL,LFPG,2026-03-07 15:31:20+00:00,2026-03-07 15:00:00+00:00
3475d8,VLG5JM,1772897370,1772900413,LEBL,LEAL,2026-03-07 15:29:30+00:00,2026-03-07 15:00:00+00:00
342581,VLG70FR,1772897257,1772899901,LEBL,,2026-03-07 15:27:37+00:00,2026-03-07 15:00:00+00:00
48c138,RYR41WV,1772897198,1772905009,LEBL,LHBP,2026-03-07 15:26:38+00:00,2026-03-07 15:00:00+00:00
4caecb,RYR42MA,1772897100,1772902768,LEBL,EBCI,2026-03-07 15:25:00+00:00,2026-03-07 15:00:00+00:00
345084,VLG3DE,1772897021,1772901409,LEBL,LIAT,2026-03-07 15:23:41+00:00,2026-03-07 15:00:00+00:00
44ce66,BEL74C,1772896923,1772902858,LEBL,EBMB,2026-03-07 15:22:03+00:00,2026-03-07 15:00:00+00:00
4867b0,TRA3T,1772896834,1772902987,LEBL,EHAM,2026-03-07 15:20:34+00:00,2026-03-07 15:00:00+00:00
345102,VLG64LG,1772896780,1772899851,LEBL,LEVD,2026-03-07 15:19:40+00:00,2026-03-07 15:00:00+00:00
34454b,VLG8PP,1772896661,1772901024,LEBL,LEZL,2026-03-07 15:17:41+00:00,2026-03-07 15:00:00+00:00
342396,VLG65XR,1772896299,1772898187,LEBL,,2026-03-07 15:11:39+00:00,2026-03-07 15:00:00+00:00
345204,VLG79QK,1772896173,1772898027,LEBL,,2026-03-07 15:09:33+00:00,2026-03-07 15:00:00+00:00
345041,VLG3218,1772896065,1772905879,LEBL,,2026-03-07 15:07:45+00:00,2026-03-07 15:00:00+00:00
39856a,AFR31YW,1772895962,1772901078,LEBL,LFPG,2026-03-07 15:06:02+00:00,2026-03-07 15:00:00+00:00
3c56f7,EWG17G,1772895907,1772902252,LEBL,EDDK,2026-03-07 15:05:07+00:00,2026-03-07 15:00:00+00:00
348203,VLG1QJ,1772895759,1772901408,LEBL,LPPT,2026-03-07 15:02:39+00:00,2026-03-07 15:00:00+00:00
344695,VLG4VN,1772895510,1772896971,LEBL,LEPA,2026-03-07 14:58:30+00:00,2026-03-07 14:00:00+00:00
896175,UAE81W,1772895297,1772953240,LEBL,LEBL,2026-03-07 14:54:57+00:00,2026-03-07 14:00:00+00:00
0101bd,MSR759,1772895207,1772974224,LEBL,EKCH,2026-03-07 14:53:27+00:00,2026-03-07 14:00:00+00:00
345314,VLG7DY,1772895120,1772901419,LEBL,EHAM,2026-03-07 14:52:00+00:00,2026-03-07 14:00:00+00:00
3444cc,VLG9JD,1772895061,1772905725,LEBL,,2026-03-07 14:51:01+00:00,2026-03-07 14:00:00+00:00
3c6521,LHX52A,1772894973,1772901052,LEBL,EDDM,2026-03-07 14:49:33+00:00,2026-03-07 14:00:00+00:00
7105ae,SVA870,1772894877,1772966458,LEBL,RPLL,2026-03-07 14:47:57+00:00,2026-03-07 14:00:00+00:00
346091,VLG5BT,1772894777,1772899072,LEBL,LFPO,2026-03-07 14:46:17+00:00,2026-03-07 14:00:00+00:00
4ca763,RYR89KM,1772894732,1772899447,LEBL,,2026-03-07 14:45:32+00:00,2026-03-07 14:00:00+00:00
34768f,VLG19VG,1772894645,1772899144,LEBL,LSGG,2026-03-07 14:44:05+00:00,2026-03-07 14:00:00+00:00
3472c4,VLG7UN,1772894554,1772899587,LEBL,LIMC,2026-03-07 14:42:34+00:00,2026-03-07 14:00:00+00:00
4d220c,RYR73XY,1772894436,1772898867,LEBL,LIMF,2026-03-07 14:40:36+00:00,2026-03-07 14:00:00+00:00
3451d8,ANE3045,1772894384,1772897028,LEBL,LEMD,2026-03-07 14:39:44+00:00,2026-03-07 14:00:00+00:00
345215,AEA43RQ,1772894281,1772895832,LEBL,LEPA,2026-03-07 14:38:01+00:00,2026-03-07 14:00:00+00:00
346183,VLG49TV,1772894164,1772896774,LEBL,LEAL,2026-03-07 14:36:04+00:00,2026-03-07 14:00:00+00:00
3444d0,VLG7886,1772893945,1772911959,LEBL,GOBD,2026-03-07 14:32:25+00:00,2026-03-07 14:00:00+00:00
344156,VLG202P,1772893873,1772898491,LEBL,LFPO,2026-03-07 14:31:13+00:00,2026-03-07 14:00:00+00:00
3444cf,VLG7824,1772893811,1772899626,LEBL,EGKK,2026-03-07 14:30:11+00:00,2026-03-07 14:00:00+00:00
345359,VLG1SK,1772893266,1772894939,LEBL,LEPA,2026-03-07 14:21:06+00:00,2026-03-07 14:00:00+00:00
4b1619,SWR4TD,1772893200,1772898651,LEBL,LSZH,2026-03-07 14:20:00+00:00,2026-03-07 14:00:00+00:00
344449,IBE04TD,1772893111,1772896312,LEBL,LEMD,2026-03-07 14:18:31+00:00,2026-03-07 14:00:00+00:00
392af0,AFR1649,1772892910,1772897787,LEBL,LFPG,2026-03-07 14:15:10+00:00,2026-03-07 14:00:00+00:00
4d223f,RYR75UV,1772892282,1772897038,LEBL,LFOB,2026-03-07 14:04:42+00:00,2026-03-07 14:00:00+00:00
4ba904,TKJ4TQ,1772892210,1772903138,LEBL,,2026-03-07 14:03:30+00:00,2026-03-07 14:00:00+00:00
4ca25a,RYR300H,1772892135,1772898478,LEBL,EGSS,2026-03-07 14:02:15+00:00,2026-03-07 14:00:00+00:00
348508,VLG2AD,1772892051,1772896758,LEBL,LEJR,2026-03-07 14:00:51+00:00,2026-03-07 14:00:00+00:00
3451d5,VLG75GB,1772891975,1772897955,LEBL,EGKK,2026-03-07 13:59:35+00:00,2026-03-07 13:00:00+00:00
495309,TAP35BL,1772891896,1772897386,LEBL,LPPT,2026-03-07 13:58:16+00:00,2026-03-07 13:00:00+00:00
48c12f,RYR307M,1772891791,1772893491,LEBL,LEPA,2026-03-07 13:56:31+00:00,2026-03-07 13:00:00+00:00
345207,VLG22PK,1772891673,1772896243,LEBL,LEZL,2026-03-07 13:54:33+00:00,2026-03-07 13:00:00+00:00
406bbb,BAW481B,1772891495,1772897561,LEBL,EGLL,2026-03-07 13:51:35+00:00,2026-03-07 13:00:00+00:00
344694,VLG9YR,1772891292,1772895785,LEBL,LFPO,2026-03-07 13:48:12+00:00,2026-03-07 13:00:00+00:00
3444d1,VLG9YV,1772891040,1772894267,LEBL,,2026-03-07 13:44:00+00:00,2026-03-07 13:00:00+00:00
a52ea4,DAL195,1772890956,1772925333,LEBL,KATL,2026-03-07 13:42:36+00:00,2026-03-07 13:00:00+00:00
502d5b,BTI26R,1772890860,1772902715,LEBL,EVRA,2026-03-07 13:41:00+00:00,2026-03-07 13:00:00+00:00
4bb203,THY5DG,1772890778,1772901556,LEBL,LTFM,2026-03-07 13:39:38+00:00,2026-03-07 13:00:00+00:00
4d00d6,LGL94EL,1772890427,1772897563,LEBL,ELLX,2026-03-07 13:33:47+00:00,2026-03-07 13:00:00+00:00
3444ca,VLG6QB,1772890111,1772891696,LEBL,,2026-03-07 13:28:31+00:00,2026-03-07 13:00:00+00:00
3c6748,DLH74U,1772890032,1772896395,LEBL,EDDF,2026-03-07 13:27:12+00:00,2026-03-07 13:00:00+00:00
34744c,VLG87NN,1772889949,1772894715,LEBL,LIRF,2026-03-07 13:25:49+00:00,2026-03-07 13:00:00+00:00
4d2247,RYR63YN,1772889842,1772894692,LEBL,LIRM,2026-03-07 13:24:02+00:00,2026-03-07 13:00:00+00:00
020124,MAC378Y,1772889698,1772894784,LEBL,GMTT,2026-03-07 13:21:38+00:00,2026-03-07 13:00:00+00:00
4ca25b,RYR64FA,1772889546,1772893962,LEBL,LEMG,2026-03-07 13:19:06+00:00,2026-03-07 13:00:00+00:00
4d20e1,AXY935U,1772889423,1772892645,LEBL,,2026-03-07 13:17:03+00:00,2026-03-07 13:00:00+00:00
3442cb,ANE92MX,1772889220,1772895505,LEBL,,2026-03-07 13:13:40+00:00,2026-03-07 13:00:00+00:00
4d2214,RYR90TJ,1772889142,1772894346,LEBL,GMTT,2026-03-07 13:12:22+00:00,2026-03-07 13:00:00+00:00
4d228b,RYR232U,1772889067,1772895216,LEBL,EDFH,2026-03-07 13:11:07+00:00,2026-03-07 13:00:00+00:00
3443d2,VLG8MY,1772888700,1772895356,LEBL,EHAM,2026-03-07 13:05:00+00:00,2026-03-07 13:00:00+00:00
440484,EJU15QF,1772888615,1772893409,LEBL,LSZM,2026-03-07 13:03:35+00:00,2026-03-07 13:00:00+00:00
344646,VLG91RZ,1772888366,1772897984,LEBL,,2026-03-07 12:59:26+00:00,2026-03-07 12:00:00+00:00
344158,VLG90QM,1772888266,1772889893,LEBL,LEIB,2026-03-07 12:57:46+00:00,2026-03-07 12:00:00+00:00
c04fbb,ACA823,1772888103,1772916637,LEBL,CYUL,2026-03-07 12:55:03+00:00,2026-03-07 12:00:00+00:00
346147,IBE04SH,1772887892,1772891788,LEBL,LEMD,2026-03-07 12:51:32+00:00,2026-03-07 12:00:00+00:00
485a33,KLM48J,1772887582,1772893769,LEBL,EHAM,2026-03-07 12:46:22+00:00,2026-03-07 12:00:00+00:00
407cb4,RUK6597,1772887513,1772894385,LEBL,EGCC,2026-03-07 12:45:13+00:00,2026-03-07 12:00:00+00:00
4ca645,RYR11YE,1772887247,1772891819,LEBL,LIPE,2026-03-07 12:40:47+00:00,2026-03-07 12:00:00+00:00
4d2349,RYR8AG,1772887172,1772893211,LEBL,EGGW,2026-03-07 12:39:32+00:00,2026-03-07 12:00:00+00:00
440018,EJU91TM,1772887081,1772891634,LEBL,LIMC,2026-03-07 12:38:01+00:00,2026-03-07 12:00:00+00:00
346692,VLG1816,1772886630,1772892608,LEBL,EDDM,2026-03-07 12:30:30+00:00,2026-03-07 12:00:00+00:00
4ca570,RYR3129,1772886548,1772888384,LEBL,LEIB,2026-03-07 12:29:08+00:00,2026-03-07 12:00:00+00:00
4d24b0,WMT3KR,1772886443,1772890660,LEBL,LIMC,2026-03-07 12:27:23+00:00,2026-03-07 12:00:00+00:00
3c65d9,DLH25E,1772886330,1772892317,LEBL,EDDF,2026-03-07 12:25:30+00:00,2026-03-07 12:00:00+00:00
344699,VLG42DJ,1772886242,1772888477,LEBL,,2026-03-07 12:24:02+00:00,2026-03-07 12:00:00+00:00
400879,BAW47C,1772886164,1772891957,LEBL,EGLL,2026-03-07 12:22:44+00:00,2026-03-07 12:00:00+00:00
01027d,MSR2768,1772886100,1772895047,LEBL,,2026-03-07 12:21:40+00:00,2026-03-07 12:00:00+00:00
342398,VLG5EB,1772886023,1772889363,LEBL,,2026-03-07 12:20:23+00:00,2026-03-07 12:00:00+00:00
344693,VLG1VQ,1772885953,1772890626,LEBL,LIRF,2026-03-07 12:19:13+00:00,2026-03-07 12:00:00+00:00
34454a,VLG7850,1772885860,1772896723,LEBL,LTFM,2026-03-07 12:17:40+00:00,2026-03-07 12:00:00+00:00
3451d4,VLG65WQ,1772885778,1772891649,LEBL,EBBR,2026-03-07 12:16:18+00:00,2026-03-07 12:00:00+00:00
4ca9d0,RYR91GW,1772885701,1772890419,LEBL,LIRF,2026-03-07 12:15:01+00:00,2026-03-07 12:00:00+00:00
471efa,WZZ8MU,1772885604,1772893107,LEBL,LZIB,2026-03-07 12:13:24+00:00,2026-03-07 12:00:00+00:00
4951d6,TAP1033,1772885213,1772890604,LEBL,LPPT,2026-03-07 12:06:53+00:00,2026-03-07 12:00:00+00:00
4bc883,PGT3WF,1772885147,1772896093,LEBL,LTFJ,2026-03-07 12:05:47+00:00,2026-03-07 12:00:00+00:00
392ae2,AFR72DY,1772885071,1772889669,LEBL,LFPG,2026-03-07 12:04:31+00:00,2026-03-07 12:00:00+00:00
348208,VLG5FC,1772884981,1772890894,LEBL,LICZ,2026-03-07 12:03:01+00:00,2026-03-07 12:00:00+00:00
0201c0,RAM965Y,1772884902,1772890619,LEBL,,2026-03-07 12:01:42+00:00,2026-03-07 12:00:00+00:00
344695,VLG9TA,1772884804,1772886411,LEBL,LEPA,2026-03-07 12:00:04+00:00,2026-03-07 12:00:00+00:00
344445,EVE7611,1772884681,1772888335,LEBL,LEAM,2026-03-07 11:58:01+00:00,2026-03-07 11:00:00+00:00
aa9bbf,AVA019,1772884533,1772916895,LEBL,,2026-03-07 11:55:33+00:00,2026-03-07 11:00:00+00:00
34535a,VLG8244,1772884350,1772889143,LEBL,LFPG,2026-03-07 11:52:30+00:00,2026-03-07 11:00:00+00:00
4d2368,RYR498Y,1772884015,1772888368,LEBL,LIME,2026-03-07 11:46:55+00:00,2026-03-07 11:00:00+00:00
345043,VLG7ZN,1772883924,1772888063,LEBL,LIMC,2026-03-07 11:45:24+00:00,2026-03-07 11:00:00+00:00
342592,VLG4AQ,1772883851,1772889838,LEBL,EGKK,2026-03-07 11:44:11+00:00,2026-03-07 11:00:00+00:00
3472c3,VLG8TZ,1772883743,1772887961,LEBL,LEST,2026-03-07 11:42:23+00:00,2026-03-07 11:00:00+00:00
abfdd1,AAL743,1772883582,1772912764,LEBL,KPHL,2026-03-07 11:39:42+00:00,2026-03-07 11:00:00+00:00
344645,VLG78KK,1772883502,1772889688,LEBL,LMML,2026-03-07 11:38:22+00:00,2026-03-07 11:00:00+00:00
344501,VLG94KR,1772883411,1772891364,LEBL,EDDB,2026-03-07 11:36:51+00:00,2026-03-07 11:00:00+00:00
348206,VLG7CZ,1772883273,1772887848,LEBL,,2026-03-07 11:34:33+00:00,2026-03-07 11:00:00+00:00
345204,VLG11W,1772883030,1772884906,LEBL,LEIB,2026-03-07 11:30:30+00:00,2026-03-07 11:00:00+00:00
34768c,VLG5RQ,1772882948,1772892626,LEBL,,2026-03-07 11:29:08+00:00,2026-03-07 11:00:00+00:00
e80475,TAM8115,1772882872,1772920897,LEBL,SBGR,2026-03-07 11:27:52+00:00,2026-03-07 11:00:00+00:00
4405b6,EJU95DV,1772882870,1772889028,LEBL,EGKK,2026-03-07 11:27:50+00:00,2026-03-07 11:00:00+00:00
34538d,VLG2EE,1772882677,1772888339,LEBL,LPPT,2026-03-07 11:24:37+00:00,2026-03-07 11:00:00+00:00
4ca8e4,RYR931C,1772882601,1772888305,LEBL,ELLX,2026-03-07 11:23:21+00:00,2026-03-07 11:00:00+00:00
345102,VLG5WP,1772882523,1772884628,LEBL,,2026-03-07 11:22:03+00:00,2026-03-07 11:00:00+00:00
345042,VLG34N,1772882447,1772886070,LEBL,LEGA,2026-03-07 11:20:47+00:00,2026-03-07 11:00:00+00:00
344697,VLG30NJ,1772882380,1772897226,LEBL,,2026-03-07 11:19:40+00:00,2026-03-07 11:00:00+00:00
3472c4,VLG5GA,1772882294,1772883384,LEBL,,2026-03-07 11:18:14+00:00,2026-03-07 11:00:00+00:00
343386,VLG34EJ,1772882220,1772886239,LEBL,LIMJ,2026-03-07 11:17:00+00:00,2026-03-07 11:00:00+00:00
4ca763,RYR8JT,1772882145,1772883756,LEBL,LEPA,2026-03-07 11:15:45+00:00,2026-03-07 11:00:00+00:00
345212,VLG1XN,1772882073,1772888246,LEBL,EDDN,2026-03-07 11:14:33+00:00,2026-03-07 11:00:00+00:00
440625,EJU42CV,1772881987,1772889803,LEBL,EGNM,2026-03-07 11:13:07+00:00,2026-03-07 11:00:00+00:00
4d221a,RYR878U,1772881920,1772888246,LEBL,EDDK,2026-03-07 11:12:00+00:00,2026-03-07 11:00:00+00:00
48ae86,LOT3TD,1772881834,1772890992,LEBL,EPWA,2026-03-07 11:10:34+00:00,2026-03-07 11:00:00+00:00
345248,VLG1DZ,1772881754,1772886293,LEBL,LEZL,2026-03-07 11:09:14+00:00,2026-03-07 11:00:00+00:00
345215,AEA6037,1772881650,1772883192,LEBL,LEPA,2026-03-07 11:07:30+00:00,2026-03-07 11:00:00+00:00
3c66ad,DLH83U,1772881574,1772887466,LEBL,EDDM,2026-03-07 11:06:14+00:00,2026-03-07 11:00:00+00:00
34768e,VLG4BW,1772881506,1772890515,LEBL,,2026-03-07 11:05:06+00:00,2026-03-07 11:00:00+00:00
4d20f5,VJT516,1772881387,1772884307,LEBL,LEAL,2026-03-07 11:03:07+00:00,2026-03-07 11:00:00+00:00
3482d6,AEA53EQ,1772881256,1772884228,LEBL,LEMD,2026-03-07 11:00:56+00:00,2026-03-07 11:00:00+00:00
344446,AEA937,1772881161,1772883519,LEBL,,2026-03-07 10:59:21+00:00,2026-03-07 10:00:00+00:00
4bb265,THY1CC,1772880772,1772891845,LEBL,LTFM,2026-03-07 10:52:52+00:00,2026-03-07 10:00:00+00:00
4ca837,EIN5WG,1772880695,1772887895,LEBL,EIDW,2026-03-07 10:51:35+00:00,2026-03-07 10:00:00+00:00
3424d1,VLG5LN,1772880622,1772884787,LEBL,LIMC,2026-03-07 10:50:22+00:00,2026-03-07 10:00:00+00:00
781e49,CCA572,1772880483,1772906006,LEBL,,2026-03-07 10:48:03+00:00,2026-03-07 10:00:00+00:00
484442,KLM1512,1772880396,1772886712,LEBL,EHAM,2026-03-07 10:46:36+00:00,2026-03-07 10:00:00+00:00
4cadde,ITY077,1772880330,1772885005,LEBL,LIRF,2026-03-07 10:45:30+00:00,2026-03-07 10:00:00+00:00
406ae2,BAW475E,1772880241,1772886515,LEBL,EGLL,2026-03-07 10:44:01+00:00,2026-03-07 10:00:00+00:00
4cad12,RYR2XF,1772880135,1772884793,LEBL,LPPR,2026-03-07 10:42:15+00:00,2026-03-07 10:00:00+00:00
46b82f,AEE711,1772880069,1772888396,LEBL,LGAV,2026-03-07 10:41:09+00:00,2026-03-07 10:00:00+00:00
781343,CCA846,1772879931,1772905434,LEBL,,2026-03-07 10:38:51+00:00,2026-03-07 10:00:00+00:00
345207,VLG4YZ,1772879851,1772881693,LEBL,LEPA,2026-03-07 10:37:31+00:00,2026-03-07 10:00:00+00:00
4246b4,AHY046,1772879778,1772896766,LEBL,,2026-03-07 10:36:18+00:00,2026-03-07 10:00:00+00:00
aaf47d,AAL193,1772879624,1772917798,LEBL,KDFW,2026-03-07 10:33:44+00:00,2026-03-07 10:00:00+00:00
781348,CCA840,1772879485,1772982124,LEBL,EDDF,2026-03-07 10:31:25+00:00,2026-03-07 10:00:00+00:00
406673,EZY98CG,1772879361,1772885663,LEBL,EGGD,2026-03-07 10:29:21+00:00,2026-03-07 10:00:00+00:00
495213,TAP1031,1772879286,1772884971,LEBL,LPPT,2026-03-07 10:28:06+00:00,2026-03-07 10:00:00+00:00
342582,VLG2FA,1772879203,1772885699,LEBL,EGKK,2026-03-07 10:26:43+00:00,2026-03-07 10:00:00+00:00
896169,UAE81W,1772879070,1772921758,LEBL,MMMX,2026-03-07 10:24:30+00:00,2026-03-07 10:00:00+00:00
342581,VLG28EW,1772878988,1772882057,LEBL,,2026-03-07 10:23:08+00:00,2026-03-07 10:00:00+00:00
aace5c,AAL113,1772878837,1772913358,LEBL,KMIA,2026-03-07 10:20:37+00:00,2026-03-07 10:00:00+00:00
4aca46,NSZ5520,1772878661,1772889059,LEBL,ENGM,2026-03-07 10:17:41+00:00,2026-03-07 10:00:00+00:00
4cac56,RYR38NB,1772878533,1772885939,LEBL,EIDW,2026-03-07 10:15:33+00:00,2026-03-07 10:00:00+00:00
a8b760,UAL121,1772878442,1772909049,LEBL,KEWR,2026-03-07 10:14:02+00:00,2026-03-07 10:00:00+00:00
3444cf,VLG5VY,1772878430,1772881519,LEBL,LEAL,2026-03-07 10:13:50+00:00,2026-03-07 10:00:00+00:00
4d2453,WZZ1212,1772878337,1772887889,LEBL,EPWA,2026-03-07 10:12:17+00:00,2026-03-07 10:00:00+00:00
345116,VLG8720,1772878093,1772885265,LEBL,EIDW,2026-03-07 10:08:13+00:00,2026-03-07 10:00:00+00:00
348203,VLG7LM,1772877904,1772882145,LEBL,LEMG,2026-03-07 10:05:04+00:00,2026-03-07 10:00:00+00:00
346091,VLG6VD,1772877816,1772881721,LEBL,LFRS,2026-03-07 10:03:36+00:00,2026-03-07 10:00:00+00:00
4ca622,RYR85PE,1772877722,1772884182,LEBL,EBBR,2026-03-07 10:02:02+00:00,2026-03-07 10:00:00+00:00
342397,VLG54EN,1772877641,1772883924,LEBL,,2026-03-07 10:00:41+00:00,2026-03-07 10:00:00+00:00
4d20bc,WMT2R,1772877570,1772882758,LEBL,LIRF,2026-03-07 09:59:30+00:00,2026-03-07 09:00:00+00:00
400db1,EZY37BK,1772877493,1772884401,LEBL,EGKK,2026-03-07 09:58:13+00:00,2026-03-07 09:00:00+00:00
346691,VLG1QP,1772877413,1772883269,LEBL,,2026-03-07 09:56:53+00:00,2026-03-07 09:00:00+00:00
344449,IBE0408,1772877344,1772880175,LEBL,LEMD,2026-03-07 09:55:44+00:00,2026-03-07 09:00:00+00:00
4d244a,RYR3CL,1772877270,1772888501,LEBL,ESSA,2026-03-07 09:54:30+00:00,2026-03-07 09:00:00+00:00
4ca853,RYR71QX,1772877144,1772884102,LEBL,EICK,2026-03-07 09:52:24+00:00,2026-03-07 09:00:00+00:00
4d22b2,RYR43EU,1772877056,1772884258,LEBL,LOWW,2026-03-07 09:50:56+00:00,2026-03-07 09:00:00+00:00
4d226c,RYR77DV,1772876799,1772884266,LEBL,EGNT,2026-03-07 09:46:39+00:00,2026-03-07 09:00:00+00:00
440037,EJU37XZ,1772876719,1772882167,LEBL,LPPT,2026-03-07 09:45:19+00:00,2026-03-07 09:00:00+00:00
4080ad,EZY96AV,1772876641,1772882571,LEBL,EGGW,2026-03-07 09:44:01+00:00,2026-03-07 09:00:00+00:00
a2a300,UAL991,1772876507,1772906802,LEBL,KIAD,2026-03-07 09:41:47+00:00,2026-03-07 09:00:00+00:00
471fae,WZZ249,1772876406,1772884655,LEBL,EPWR,2026-03-07 09:40:06+00:00,2026-03-07 09:00:00+00:00
343194,VLG7UD,1772876346,1772883440,LEBL,EGCC,2026-03-07 09:39:06+00:00,2026-03-07 09:00:00+00:00
346355,VLG9ST,1772876250,1772882669,LEBL,EHAM,2026-03-07 09:37:30+00:00,2026-03-07 09:00:00+00:00
4080e1,BAW473D,1772876139,1772882231,LEBL,EGLL,2026-03-07 09:35:39+00:00,2026-03-07 09:00:00+00:00
346690,VLG12PM,1772876071,1772882386,LEBL,,2026-03-07 09:34:31+00:00,2026-03-07 09:00:00+00:00
a4dbef,DAL169,1772875922,1772905810,LEBL,KJFK,2026-03-07 09:32:02+00:00,2026-03-07 09:00:00+00:00
502d7a,ASL68R,1772875780,1772883577,LEBL,LYBE,2026-03-07 09:29:40+00:00,2026-03-07 09:00:00+00:00
3c6667,DLH39T,1772875695,1772881481,LEBL,EDDF,2026-03-07 09:28:15+00:00,2026-03-07 09:00:00+00:00
4d2427,WZZ596,1772875615,1772887597,LEBL,EYVI,2026-03-07 09:26:55+00:00,2026-03-07 09:00:00+00:00
342189,FIN07RT,1772875255,1772888092,LEBL,EFHK,2026-03-07 09:20:55+00:00,2026-03-07 09:00:00+00:00
3c5eea,EWG15GY,1772875173,1772881586,LEBL,EDDL,2026-03-07 09:19:33+00:00,2026-03-07 09:00:00+00:00
4ca9eb,RYR74EF,1772875092,1772882189,LEBL,EGGP,2026-03-07 09:18:12+00:00,2026-03-07 09:00:00+00:00
345643,VLG9UW,1772875008,1772879127,LEBL,,2026-03-07 09:16:48+00:00,2026-03-07 09:00:00+00:00
4d223f,RYR668T,1772874940,1772879747,LEBL,LIME,2026-03-07 09:15:40+00:00,2026-03-07 09:00:00+00:00
347454,IBE04WK,1772874871,1772877688,LEBL,LEMD,2026-03-07 09:14:31+00:00,2026-03-07 09:00:00+00:00
440c8d,AUA42B,1772874792,1772881619,LEBL,LOWW,2026-03-07 09:13:12+00:00,2026-03-07 09:00:00+00:00
4b161b,SWR96M,1772874709,1772880383,LEBL,LSZH,2026-03-07 09:11:49+00:00,2026-03-07 09:00:00+00:00
471db8,WZZ2TS,1772874613,1772882709,LEBL,LHBP,2026-03-07 09:10:13+00:00,2026-03-07 09:00:00+00:00
4867b0,TRA6062,1772874525,1772880574,LEBL,EHRD,2026-03-07 09:08:45+00:00,2026-03-07 09:00:00+00:00
471d5c,WMT744,1772874463,1772884576,LEBL,LROP,2026-03-07 09:07:43+00:00,2026-03-07 09:00:00+00:00
3434ce,GES401V,1772874107,1772876996,LEBL,LEMD,2026-03-07 09:01:47+00:00,2026-03-07 09:00:00+00:00
344694,VLG37CT,1772874028,1772878556,LEBL,LFPO,2026-03-07 09:00:28+00:00,2026-03-07 09:00:00+00:00
4d2090,WMT2FG,1772873945,1772881078,LEBL,LOWW,2026-03-07 08:59:05+00:00,2026-03-07 08:00:00+00:00
398572,AFR72JH,1772873838,1772878722,LEBL,LFPG,2026-03-07 08:57:18+00:00,2026-03-07 08:00:00+00:00
4d223b,RYR2889,1772873792,1772875439,LEBL,LEPA,2026-03-07 08:56:32+00:00,2026-03-07 08:00:00+00:00
39de48,TVF48SQ,1772873657,1772878206,LEBL,LFPO,2026-03-07 08:54:17+00:00,2026-03-07 08:00:00+00:00
48c2b0,RYR62ST,1772873600,1772881979,LEBL,EPKK,2026-03-07 08:53:20+00:00,2026-03-07 08:00:00+00:00
3c5eeb,EWG83AU,1772872862,1772878137,LEBL,EDDS,2026-03-07 08:41:02+00:00,2026-03-07 08:00:00+00:00
344696,VLG9GE,1772872784,1772877047,LEBL,LEZL,2026-03-07 08:39:44+00:00,2026-03-07 08:00:00+00:00
4ca7b5,RYR73UV,1772872623,1772880529,LEBL,EDDB,2026-03-07 08:37:03+00:00,2026-03-07 08:00:00+00:00
346147,IBE04TE,1772872521,1772875482,LEBL,LEMD,2026-03-07 08:35:21+00:00,2026-03-07 08:00:00+00:00
4ca25a,RYR6FN,1772872301,1772874081,LEBL,LEIB,2026-03-07 08:31:41+00:00,2026-03-07 08:00:00+00:00
4d2287,RYR14XR,1772872142,1772877936,LEBL,EBCI,2026-03-07 08:29:02+00:00,2026-03-07 08:00:00+00:00
4ca56b,RYR86GK,1772872053,1772877868,LEBL,,2026-03-07 08:27:33+00:00,2026-03-07 08:00:00+00:00
4d246f,WMT4TW,1772871974,1772880910,LEBL,,2026-03-07 08:26:14+00:00,2026-03-07 08:00:00+00:00
3444ca,VLG5SQ,1772871840,1772876991,LEBL,LIRF,2026-03-07 08:24:00+00:00,2026-03-07 08:00:00+00:00
3444d0,VLG6HK,1772871767,1772878107,LEBL,EHAM,2026-03-07 08:22:47+00:00,2026-03-07 08:00:00+00:00
471dbe,WZZ8182,1772871665,1772880236,LEBL,EPKK,2026-03-07 08:21:05+00:00,2026-03-07 08:00:00+00:00
344501,VLG3712,1772871595,1772872767,LEBL,,2026-03-07 08:19:55+00:00,2026-03-07 08:00:00+00:00
344691,VLG7DQ,1772871510,1772873418,LEBL,,2026-03-07 08:18:30+00:00,2026-03-07 08:00:00+00:00
3c65c8,DLH85P,1772871194,1772876977,LEBL,EDDM,2026-03-07 08:13:14+00:00,2026-03-07 08:00:00+00:00
4d228b,RYR41JZ,1772871012,1772876170,LEBL,LICJ,2026-03-07 08:10:12+00:00,2026-03-07 08:00:00+00:00
4d21f0,RYR627A,1772870707,1772874898,LEBL,LEZL,2026-03-07 08:05:07+00:00,2026-03-07 08:00:00+00:00
4ca645,RYR37NA,1772870340,1772875097,LEBL,LIPE,2026-03-07 07:59:00+00:00,2026-03-07 07:00:00+00:00
3443d2,VLG1006,1772870026,1772872944,LEBL,LEMD,2026-03-07 07:53:46+00:00,2026-03-07 07:00:00+00:00
020124,MAC376Z,1772869846,1772873996,LEBL,,2026-03-07 07:50:46+00:00,2026-03-07 07:00:00+00:00
345215,AEA48SR,1772869592,1772871238,LEBL,LEPA,2026-03-07 07:46:32+00:00,2026-03-07 07:00:00+00:00
346605,LVL2603,1772869202,1772917139,LEBL,SADS,2026-03-07 07:40:02+00:00,2026-03-07 07:00:00+00:00
4ca737,RYR6599,1772868935,1772873696,LEBL,LIRF,2026-03-07 07:35:35+00:00,2026-03-07 07:00:00+00:00
346184,VLG3XY,1772868633,1772870272,LEBL,LEPA,2026-03-07 07:30:33+00:00,2026-03-07 07:00:00+00:00
344645,VLG11XQ,1772868526,1772871619,LEBL,LFBD,2026-03-07 07:28:46+00:00,2026-03-07 07:00:00+00:00
3c542b,BCS18K,1772868407,1772873939,LEBL,LPPT,2026-03-07 07:26:47+00:00,2026-03-07 07:00:00+00:00
348508,VLG11YB,1772868268,1772874568,LEBL,EHAM,2026-03-07 07:24:28+00:00,2026-03-07 07:00:00+00:00
342592,VLG20PC,1772868180,1772870608,LEBL,,2026-03-07 07:23:00+00:00,2026-03-07 07:00:00+00:00
4d220c,RYR18KD,1772868116,1772874357,LEBL,EBBR,2026-03-07 07:21:56+00:00,2026-03-07 07:00:00+00:00
344646,VLG8CW,1772868008,1772872808,LEBL,LIRF,2026-03-07 07:20:08+00:00,2026-03-07 07:00:00+00:00
34805a,MGO107,1772867842,1772872609,LEBL,LSZS,2026-03-07 07:17:22+00:00,2026-03-07 07:00:00+00:00
4bab48,THY3ES,1772867255,1772878163,LEBL,LTFM,2026-03-07 07:07:35+00:00,2026-03-07 07:00:00+00:00
3451d5,VLG6XU,1772866980,1772873481,LEBL,EGLL,2026-03-07 07:03:00+00:00,2026-03-07 07:00:00+00:00
344699,VLG63VL,1772866723,1772871427,LEBL,LFPO,2026-03-07 06:58:43+00:00,2026-03-07 06:00:00+00:00
344158,VLG9YT,1772866574,1772872687,LEBL,EGKK,2026-03-07 06:56:14+00:00,2026-03-07 06:00:00+00:00
34744d,VLG29GF,1772866345,1772873849,LEBL,LKPR,2026-03-07 06:52:25+00:00,2026-03-07 06:00:00+00:00
34535a,VLG5TH,1772866271,1772870819,LEBL,LIMC,2026-03-07 06:51:11+00:00,2026-03-07 06:00:00+00:00
440018,EJU72VD,1772866182,1772872541,LEBL,EGKK,2026-03-07 06:49:42+00:00,2026-03-07 06:00:00+00:00
345359,VLG57Y,1772866084,1772873997,LEBL,EDDH,2026-03-07 06:48:04+00:00,2026-03-07 06:00:00+00:00
348206,VLG1702,1772865918,1772870398,LEBL,LEVX,2026-03-07 06:45:18+00:00,2026-03-07 06:00:00+00:00
3c6548,LHX07Y,1772865787,1772871949,LEBL,EDDM,2026-03-07 06:43:07+00:00,2026-03-07 06:00:00+00:00
345041,VLG55Q,1772865671,1772874293,LEBL,LGAV,2026-03-07 06:41:11+00:00,2026-03-07 06:00:00+00:00
344693,VLG72JE,1772865585,1772870954,LEBL,LPPT,2026-03-07 06:39:45+00:00,2026-03-07 06:00:00+00:00
440625,EJU67KW,1772865518,1772870133,LEBL,LIMC,2026-03-07 06:38:38+00:00,2026-03-07 06:00:00+00:00
3453c3,VLG78HY,1772865429,1772875339,LEBL,,2026-03-07 06:37:09+00:00,2026-03-07 06:00:00+00:00
345102,VLG6006,1772865340,1772869554,LEBL,LIQL,2026-03-07 06:35:40+00:00,2026-03-07 06:00:00+00:00
345314,VLG50ST,1772865230,1772870737,LEBL,,2026-03-07 06:33:50+00:00,2026-03-07 06:00:00+00:00
3451d4,VLG2976,1772865132,1772868888,LEBL,LFRS,2026-03-07 06:32:12+00:00,2026-03-07 06:00:00+00:00
34454a,VLG22ET,1772865068,1772870239,LEBL,LFPG,2026-03-07 06:31:08+00:00,2026-03-07 06:00:00+00:00
345248,VLG2LH,1772864976,1772868471,LEBL,,2026-03-07 06:29:36+00:00,2026-03-07 06:00:00+00:00
345101,VLG90G,1772864888,1772869851,LEBL,LIRF,2026-03-07 06:28:08+00:00,2026-03-07 06:00:00+00:00
34538d,VLG1JZ,1772864834,1772869125,LEBL,LEZL,2026-03-07 06:27:14+00:00,2026-03-07 06:00:00+00:00
345207,VLG7PX,1772864758,1772866654,LEBL,,2026-03-07 06:25:58+00:00,2026-03-07 06:00:00+00:00
3472c4,VLG7WA,1772864684,1772868773,LEBL,LEMG,2026-03-07 06:24:44+00:00,2026-03-07 06:00:00+00:00
343386,VLG11ZW,1772864627,1772867872,LEBL,,2026-03-07 06:23:47+00:00,2026-03-07 06:00:00+00:00
344417,IBE04DW,1772864549,1772867369,LEBL,LEMD,2026-03-07 06:22:29+00:00,2026-03-07 06:00:00+00:00
342582,VLG3EN,1772864464,1772866856,LEBL,,2026-03-07 06:21:04+00:00,2026-03-07 06:00:00+00:00
343194,VLG21RX,1772864372,1772865599,LEBL,,2026-03-07 06:19:32+00:00,2026-03-07 06:00:00+00:00
3472c3,VLG8474,1772864318,1772869017,LEBL,LPPR,2026-03-07 06:18:38+00:00,2026-03-07 06:00:00+00:00
345043,VLG6246,1772864249,1772869664,LEBL,LSZH,2026-03-07 06:17:29+00:00,2026-03-07 06:00:00+00:00
342398,VLG63XZ,1772864153,1772869138,LEBL,LIRM,2026-03-07 06:15:53+00:00,2026-03-07 06:00:00+00:00
34768f,VLG47PE,1772864049,1772889449,LEBL,LEBL,2026-03-07 06:14:09+00:00,2026-03-07 06:00:00+00:00
34744c,VLG14DT,1772863965,1772870969,LEBL,EBBR,2026-03-07 06:12:45+00:00,2026-03-07 06:00:00+00:00
4ca570,RYR77WE,1772863909,1772870279,LEBL,EGSS,2026-03-07 06:11:49+00:00,2026-03-07 06:00:00+00:00
346690,VLG36YJ,1772863683,1772865414,LEBL,LEPA,2026-03-07 06:08:03+00:00,2026-03-07 06:00:00+00:00
345204,VLG71SU,1772863613,1772869072,LEBL,LIPZ,2026-03-07 06:06:53+00:00,2026-03-07 06:00:00+00:00
342397,VLG8RK,1772863539,1772865921,LEBL,,2026-03-07 06:05:39+00:00,2026-03-07 06:00:00+00:00
3c6749,DLH99P,1772863475,1772869724,LEBL,EDDF,2026-03-07 06:04:35+00:00,2026-03-07 06:00:00+00:00
346692,VLG1812,1772863368,1772869679,LEBL,EDDM,2026-03-07 06:02:48+00:00,2026-03-07 06:00:00+00:00
4080e4,BAW493U,1772863098,1772868783,LEBL,EGLL,2026-03-07 05:58:18+00:00,2026-03-07 05:00:00+00:00
4952ce,TAP1041,1772863035,1772868341,LEBL,LPPT,2026-03-07 05:57:15+00:00,2026-03-07 05:00:00+00:00
345042,VLG7JF,1772862964,1772867605,LEBL,LECO,2026-03-07 05:56:04+00:00,2026-03-07 05:00:00+00:00
4b181c,SWR7YT,1772862867,1772867743,LEBL,LSZH,2026-03-07 05:54:27+00:00,2026-03-07 05:00:00+00:00
4cad12,RYR95YM,1772862519,1772867277,LEBL,LPPR,2026-03-07 05:48:39+00:00,2026-03-07 05:00:00+00:00
4ca8e4,RYR11TF,1772861965,1772866865,LEBL,LIPZ,2026-03-07 05:39:25+00:00,2026-03-07 05:00:00+00:00
346691,VLG6AN,1772861751,1772864714,LEBL,LEAL,2026-03-07 05:35:51+00:00,2026-03-07 05:00:00+00:00
4ca798,ITY075,1772861673,1772866686,LEBL,LIRF,2026-03-07 05:34:33+00:00,2026-03-07 05:00:00+00:00
484cb4,KLM74T,1772861515,1772867835,LEBL,EHAM,2026-03-07 05:31:55+00:00,2026-03-07 05:00:00+00:00
440484,EJU95GD,1772861443,1772869605,LEBL,EDDB,2026-03-07 05:30:43+00:00,2026-03-07 05:00:00+00:00
3424d1,VLG7GR,1772861352,1772866129,LEBL,LIPE,2026-03-07 05:29:12+00:00,2026-03-07 05:00:00+00:00
4ca25a,RYR35YT,1772861208,1772862951,LEBL,LEPA,2026-03-07 05:26:48+00:00,2026-03-07 05:00:00+00:00
348203,VLG1YR,1772861050,1772864669,LEBL,LFLL,2026-03-07 05:24:10+00:00,2026-03-07 05:00:00+00:00
3991e4,AFR21UH,1772860969,1772866008,LEBL,LFPG,2026-03-07 05:22:49+00:00,2026-03-07 05:00:00+00:00
48c12f,RYR13GG,1772860603,1772867770,LEBL,LZIB,2026-03-07 05:16:43+00:00,2026-03-07 05:00:00+00:00
4405b6,EJU38TC,1772860517,1772864824,LEBL,LSGG,2026-03-07 05:15:17+00:00,2026-03-07 05:00:00+00:00
4ca622,RYR43MX,1772859988,1772864608,LEBL,LIME,2026-03-07 05:06:28+00:00,2026-03-07 05:00:00+00:00
4d2368,RYR70GC,1772859866,1772867209,LEBL,EIDW,2026-03-07 05:04:26+00:00,2026-03-07 05:00:00+00:00
4d221a,RYR75JN,1772859772,1772867203,LEBL,EGGD,2026-03-07 05:02:52+00:00,2026-03-07 05:00:00+00:00
3c6672,DLH68P,1772859492,1772865595,LEBL,EDDF,2026-03-07 04:58:12+00:00,2026-03-07 04:00:00+00:00
344697,VLG8020,1772859383,1772863887,LEBL,LFPO,2026-03-07 04:56:23+00:00,2026-03-07 04:00:00+00:00
4ca763,RYR51XJ,1772859161,1772865475,LEBL,EGSS,2026-03-07 04:52:41+00:00,2026-03-07 04:00:00+00:00
345614,VLG101P,1772858519,1772863225,LEBL,LEZL,2026-03-07 04:41:59+00:00,2026-03-07 04:00:00+00:00
344644,VLG3QC,1772845091,1772849278,LEBL,LEMG,2026-03-07 00:58:11+00:00,2026-03-07 00:00:00+00:00
3475d4,LVL2601,1772844843,1772891772,LEBL,SADS,2026-03-07 00:54:03+00:00,2026-03-07 00:00:00+00:00
4d2288,RYR8PD,1772843726,1772849688,LEBL,EGSS,2026-03-07 00:35:26+00:00,2026-03-07 00:00:00+00:00
02a181,TAR607,1772843594,1772846420,LEBL,,2026-03-07 00:33:14+00:00,2026-03-07 00:00:00+00:00
